pert_id,smiles,Inh_index
['BRD-K97521363'],Nc1cc(C(Cl)=C(Cl)Cl)c(S(N)(=O)=O)cc1S(N)(=O)=O,0.153853312
['BRD-K95237249'],CCCN(CCC)S(=O)(=O)c1ccc(C(=O)O)cc1,0.209280095
['BRD-K80267133'],Nc1ccc(C(=O)O)c(O)c1,0.472662733
['BRD-K45086103'],N=C(N)NS(=O)(=O)c1ccc(N)cc1,0.020427795
['BRD-K91699951'],CCCCNc1ccc(C(=O)OCCOCCOCCOCCOCCOCCOCCOCCOCCOC)cc1,-0.116216322
['BRD-K21520694'],CC(=O)NS(=O)(=O)c1ccc(N)cc1,0.002361866
['BRD-K86434416'],C#CCN(C)C(C)Cc1ccccc1,0.235826072
['BRD-K13032584'],CNNCc1ccc(C(=O)NC(C)C)cc1,0.436096257
['BRD-K34730807'],NC(Cc1ccc(O)c(O)c1)C(=O)O,-0.008759238
"['BRD-K24473282', 'BRD-K37264083']",CC(C)NCC(O)c1ccc(O)c(O)c1,1.163332104
['BRD-K79711234'],CS(=O)(=O)c1ccc(C(O)C(CO)NC(=O)C(Cl)Cl)cc1,0.063176006
"['BRD-A51182606', 'BRD-K08111712']",O=C(NC(CO)C(O)c1ccc([N+](=O)[O-])cc1)C(Cl)Cl,-0.000641301
"['BRD-K83636919', 'BRD-K92977333']",CCN(CC)C(=O)/C(C#N)=C/c1cc(O)c(O)c([N+](=O)[O-])c1,-0.015892421
['BRD-K45071273'],CCCCNc1ccc(C(=O)OCCN(C)C)cc1,0.474927762
['BRD-K24616672'],CCN(CC)CCOC(=O)c1ccc(N)cc1,-0.017487194
['BRD-K81144366'],CC(=O)Oc1cc(C(C)C)c(OCCN(C)C)cc1C,-0.019129551
['BRD-K96319534'],CC(C)(N)Cc1ccccc1,1.218937479
['BRD-K43887077'],NCCc1ccc(O)c(O)c1,1.055653417
['BRD-A09062839'],CCC(C)(CN(C)C)OC(=O)c1ccccc1,0.03520901
['BRD-K52662033'],CCN(CC)CC(=O)Nc1c(C)cccc1C,-0.013639385
['BRD-K36248164'],CCOC(=O)C=C(C)C=CC=C(C)C=Cc1c(C)cc(OC)c(C)c1C,0.509779951
['BRD-A95602221'],CCN(CC)C(=O)Nc1ccc(OCC(O)CNC(C)(C)C)c(C(C)=O)c1,-0.008424094
['BRD-K45252063'],CCOC(=O)C(C)(C)Oc1ccc(Cl)cc1,0.0850374
['BRD-A29260609'],CCCC(=O)Nc1ccc(OCC(O)CNC(C)C)c(C(C)=O)c1,0.018269268
['BRD-A66284731'],CCCCC(O)c1ccccc1,0.00046677
"['BRD-A69512159', 'BRD-K78712176']",CC(Cc1ccc(O)c(O)c1)(NN)C(=O)O,0.184374305
['BRD-K81128206'],CC[N+](C)(C)c1cccc(O)c1,0.141889076
['BRD-A07765530'],CNCC(O)c1ccc(O)c(O)c1,0.335835184
['BRD-A84174873'],NCC(CC(=O)O)c1ccc(Cl)cc1,-0.006323495
['BRD-A47494775'],CNCC(O)c1ccc(OC(=O)C(C)(C)C)c(OC(=O)C(C)(C)C)c1,1.009535452
['BRD-A56012032'],O=C(O)CNC(=O)C(CS)Cc1ccccc1,0.155390087
['BRD-K62736196'],N=C(N)N/N=C/c1c(Cl)cccc1Cl,0.741515827
['BRD-K58626373'],CCNC(C)Cc1cccc(C(F)(F)F)c1,0.057057124
['BRD-K10706131'],CCN(C)C(=O)Oc1cccc(C(C)N(C)C)c1,0.522452835
['BRD-K11433652'],CC(=O)Oc1ccccc1C(=O)O,0.986418524
['BRD-K59574735'],CC(C)CC(NC(=O)C(O)C(N)Cc1ccccc1)C(=O)O,0.012216766
['BRD-K30020243'],COCCCOc1cc(CC(CC(N)C(O)CC(C(=O)NCC(C)(C)C(N)=O)C(C)C)C(C)C)ccc1OC,0.054193619
['BRD-K99107520'],NC(=O)OCC(COC(N)=O)c1ccccc1,0.18520381
['BRD-A37288617'],CCN(CC)C(C)C(=O)c1ccccc1,0.176532406
['BRD-K33483813'],CC(=O)Nc1ccc(CC(=O)O)cc1,0.975477726
['BRD-K62012036'],COc1cc(C)c(/C=C/C(C)=C/C=C/C(C)=C/C(=O)O)c(C)c1C,0.260876544
['BRD-K22009844'],NC(=O)OCCCc1ccccc1,0.187570254
['BRD-M56587789'],CCCCCCCN(CC)CCCC(O)c1ccc(NS(C)(=O)=O)cc1,0.016463117
['BRD-K43106192'],CC[N+](CC)(CC)CCOc1cccc(OCC[N+](CC)(CC)CC)c1OCC[N+](CC)(CC)CC,0.15413745
['BRD-K30649484'],NCc1ccc(S(N)(=O)=O)cc1,0.015265487
['BRD-K75466013'],CCOC(=O)c1ccc(N)cc1,0.052013399
['BRD-K87024524'],NNCCc1ccccc1,0.040320796
['BRD-K61443650'],CC[Hg]Sc1ccccc1C(=O)O,-0.272189122
['BRD-A55469827'],Cc1ccccc1OCC(O)CO,0.044247788
['BRD-K11399644'],N=C(N)NC(=N)NCCc1ccccc1,-0.071570796
['BRD-K28307902'],CC(C)C(=O)Nc1ccc([N+](=O)[O-])c(C(F)(F)F)c1,0.179867257
"['BRD-K18194590', 'BRD-M61872305']",CNC(C)(C)Cc1ccccc1,0.13462924
['BRD-K83597974'],C#CCN(C)Cc1ccccc1,0.162831858
['BRD-A31521121'],COc1ccccc1OCC(O)COC(N)=O,0.098174779
"['BRD-A03623303', 'BRD-M45038741']",COCCc1ccc(OCC(O)CNC(C)C)cc1,0.03331252
['BRD-K85119730'],CCCCNC(=O)NS(=O)(=O)c1ccc(C)cc1,-0.011117257
['BRD-A79981887'],COc1ccc(OC)c(C(O)CNC(=O)CN)c1,0.117367257
['BRD-K96253961'],CC(N)C(O)c1cccc(O)c1,0.018528761
"['BRD-A88254928', 'BRD-K34469523']",CC(C)(C)NCC(O)c1ccc(O)c(CO)c1,1.310538447
['BRD-A53952395'],CCCNC(C)C(=O)Nc1ccccc1C,0.005641593
['BRD-K27217864'],CCCCOC(=O)c1ccc(N)cc1,0.030142513
['BRD-K75641298'],CCN(CC)CCNC(=O)c1cc(Cl)c(N)cc1OC,0.024225664
['BRD-K10314788'],CN(C)CCOC(=O)COc1ccc(Cl)cc1,0.158713059
"['BRD-A17655518', 'BRD-K14965640']",CC(C)Cc1ccc(C(C)C(=O)O)cc1,0.217386182
['BRD-K11129031'],Cc1ccc(C)c(OCCCC(C)(C)C(=O)O)c1,0.278539823
['BRD-K20655524'],CCN(CC)CCNC(=O)COc1ccc(OC)cc1,0.087057522
['BRD-K57432881'],CCN(CC)CCNC(=O)c1cc(S(C)(=O)=O)ccc1OC,0.092643805
['BRD-A90515964'],COc1ccccc1OCC(O)CO,0.073946247
['BRD-K19111024'],CC(C)(Oc1ccc(Cl)cc1)C(=O)O,0.159948127
['BRD-A39230911'],NC(=O)OCC(O)COc1ccc(Cl)cc1,0.078761062
['BRD-A44863528'],CCCN(CCC)C(=O)C(CCC(=O)O)NC(=O)c1ccccc1,0.099115044
['BRD-A64092382'],Cc1cccc(C)c1OCC(C)N,0.134667334
['BRD-K36660044'],CCCCOc1ccc(CC(=O)NO)cc1,0.036318159
['BRD-K71499074'],NS(=O)(=O)c1cc(Cl)c(Cl)c(S(N)(=O)=O)c1,0.249899831
['BRD-A05186015'],CC(NC(C)(C)C)C(=O)c1cccc(Cl)c1,-0.038069035
['BRD-A00993607'],C=CCc1ccccc1OCC(O)CNC(C)C,0.028864432
['BRD-K28687144'],O=C(O)c1ccccc1OP(=O)(O)O,0.309924635
['BRD-K63630713'],C=C(CC)C(=O)c1ccc(OCC(=O)O)c(Cl)c1Cl,0.787693847
['BRD-K99622919'],CCCCN(CCCC)CCCOC(=O)c1ccc(N)cc1,0.383686838
['BRD-A37492983'],CC(=O)N(CC(C)C(=O)O)c1c(I)cc(I)c(N)c1I,0.14110726
['BRD-K41524689'],CC(=O)Nc1ccc(O)cc1,0.159461952
['BRD-K75868704'],CC(O)C(=O)Nc1c(I)c(C(=O)NC(CO)CO)c(I)c(C(=O)NC(CO)CO)c1I,0.072382103
['BRD-A72075775'],COCC(=O)Nc1c(I)c(C(=O)NCC(O)CO)c(I)c(C(=O)N(C)CC(O)CO)c1I,0.122943365
['BRD-A65818372'],O=C(NCC(O)CO)c1c(I)c(C(=O)NCC(O)CO)c(I)c(N(CCO)C(=O)CO)c1I,0.11370878
['BRD-K02680176'],CCCCCCC[N+](CC)(CC)CCCCc1ccc(Cl)cc1,-0.093996998
['BRD-K27853494'],CC(N)C(O)c1ccccc1,0.014978503
['BRD-A07395371'],COC(=O)CCc1ccc(OCC(O)CNC(C)C)cc1,0.053598429
['BRD-K48578705'],CC(N)(Cc1ccc(O)c(O)c1)C(=O)O,0.131133019
['BRD-K08287586'],CCCCOC(=O)c1ccc(O)cc1,0.428718418
['BRD-A89175223'],CC(C)NCC(O)COc1ccc(COCCOC(C)C)cc1,0.166145169
['BRD-K65544384'],Nc1ccc(C(=O)NCC(=O)O)cc1,0.247313177
['BRD-A41304429'],CC(=O)Nc1ccc(OCC(O)CNC(C)C)cc1,0.272937103
['BRD-K75089421'],CCN(CC)CCNC(=O)c1ccc(N)cc1,0.255674845
['BRD-K32830106'],N=C(N)NC(=O)Cc1c(Cl)cccc1Cl,0.155417212
"['BRD-A17655518', 'BRD-K14965640']",CC(C)Cc1ccc(C(C)C(=O)O)cc1,0.217386182
['BRD-K73251053'],C#CCN(C)CCCOc1ccc(Cl)cc1Cl,0.390798339
['BRD-A75726477'],CC(C)(C)NCC(O)c1cc(Cl)c(N)c(Cl)c1,0.159464577
"['BRD-K24473282', 'BRD-K37264083']",CC(C)NCC(O)c1ccc(O)c(O)c1,1.163332104
['BRD-K32681104'],Nc1ccccc1S(N)(=O)=O,0.646035799
['BRD-A29854054'],CCCCCN(CCCCC)C(=O)C(CCC(=O)O)NC(=O)c1ccc(Cl)c(Cl)c1,0.512287548
['BRD-A17462676'],CN(C)C(=O)Oc1cc(OC(=O)N(C)C)cc(C(O)CNC(C)(C)C)c1,0.274936404
['BRD-K82255054'],CC(C)c1cccc(C(C)C)c1O,0.396909448
['BRD-A61194565'],NC(CO)C(=O)NNCc1ccc(O)c(O)c1O,0.274755472
['BRD-K49669424'],CC[N+](C)(C)Cc1ccccc1Br,0.262747116
['BRD-A14240607'],NCC(O)c1ccc(O)cc1,0.280703185
"['BRD-K13240564', 'BRD-K57179821']",CC=CC(=O)N(CC)c1ccccc1C,0.292560967
"['BRD-A20239487', 'BRD-K44993696', 'BRD-K68075732']",CC(C)NCC(O)COc1ccc(CC(N)=O)cc1,0.103325825
['BRD-K11298197'],CS(=O)(=O)c1ccc(C(O)C(CF)NC(=O)C(Cl)Cl)cc1,0.308898356
"['BRD-A50157456', 'BRD-M79902621']",CC(C)(C)NCC(O)c1cc(O)cc(O)c1,0.106263664
['BRD-K79116891'],CCCOc1ccc(C(=O)OCCN(CC)CC)cc1N,0.14480924
['BRD-A33168282'],CC(C)NCC(O)c1ccc(NS(C)(=O)=O)cc1,-0.137011648
['BRD-K13238168'],Clc1cc(Cl)c(OCC#CI)cc1Cl,-0.097939888
['BRD-K94848716'],NC(=O)Nc1ccc([As](=O)(O)O)cc1,0.0460848
['BRD-K96282009'],COc1ccccc1O,0.24937169
"['BRD-A34205397', 'BRD-K42635745']",CCCCCCCCNC(C)C(O)c1ccc(SC(C)C)cc1,-0.09903899
"['BRD-K31534764', 'BRD-K72676686']",COCCCC/C(=N/OCCN)c1ccc(C(F)(F)F)cc1,0.353922476
['BRD-K28183345'],CC(C)NC(=N)NC(=N)Nc1ccc(Cl)cc1,-0.123505715
['BRD-A43809092'],CC(CN(C)C)C(C)(O)Cc1ccc(Cl)cc1,0.287210957
['BRD-K59256312'],CCOC(=O)c1ccc(OC(=O)CCCCCNC(=N)N)cc1,0.195347956
['BRD-K71055333'],O=S(=O)(O)c1cc(O)ccc1O,0.684271488
['BRD-A09925278'],CCNCC(O)c1cccc(O)c1,0.813473881
['BRD-A92670106'],Cc1cccc(C)c1NC(=O)C(C)N,0.811594414
['BRD-K18922609'],CN(C)C(=O)Oc1cccc([N+](C)(C)C)c1,0.03327603
['BRD-K82259334'],CCOC(=O)C(C)(N)Cc1ccc(O)c(O)c1,0.377831037
['BRD-K43860855'],N=C(N)NCc1cccc(I)c1,0.349522037
['BRD-A42628519'],CCC(Cc1c(I)cc(I)c(N)c1I)C(=O)O,0.775926609
['BRD-A43671941'],C=CCOc1ccccc1OCC(O)CNC(C)C,1.632168541
['BRD-K18250272'],CCCOc1cc(N)ccc1C(=O)OCCN(CC)CC,0.916052001
['BRD-K38055836'],CCN(CC)C(=O)c1ccc(O)c(OC)c1,0.083554691
['BRD-K65417056'],CCCNC(C)(C)COC(=O)c1ccccc1,1.229881984
['BRD-K63979671'],CCc1cccc(CC)c1NC(=O)CN(CC(=O)O)CC(=O)O,-0.011564165
['BRD-K28849549'],Nc1ccc(O)c(C(=O)O)c1,0.377235847
['BRD-K81418486'],O=C(CCCCCCC(=O)Nc1ccccc1)NO,-0.424349991
['BRD-A60217728'],CC(=O)N(CC(O)CO)c1c(I)c(C(=O)NCC(O)CO)c(I)c(C(=O)NCC(O)CO)c1I,0.235876829
"['BRD-A88254928', 'BRD-K34469523']",CC(C)(C)NCC(O)c1ccc(O)c(CO)c1,1.310538447
['BRD-A04327189'],CNCC(O)c1ccc(O)cc1,0.917490319
['BRD-K71696703'],CC(=O)Oc1cc(C(F)(F)F)ccc1C(=O)O,0.024980966
['BRD-K38323065'],CCOc1ccc(NC(C)=O)cc1,0.091066746
['BRD-A39189014'],COc1ccc(OC)c(C(O)C(C)N)c1,0.018179511
"['BRD-A20239487', 'BRD-K44993696', 'BRD-K68075732']",CC(C)NCC(O)COc1ccc(CC(N)=O)cc1,0.103325825
['BRD-A87715314'],CC(C)NCC(O)c1ccc2ccccc2c1,0.885811485
['BRD-K68132782'],CN(C/C=C/C#CC(C)(C)C)Cc1cccc2ccccc12,0.889102526
"['BRD-A87719232', 'BRD-K33299843', 'BRD-K59197931']",COc1ccc2cc(C(C)C(=O)O)ccc2c1,0.175798162
['BRD-K65146499'],COc1ccc2cc(CCC(C)=O)ccc2c1,1.014379913
"['BRD-A10070317', 'BRD-K13994703', 'BRD-K92830582']",CC(C)NCC(O)COc1cccc2ccccc12,1.067739259
"['BRD-A10070317', 'BRD-K13994703', 'BRD-K92830582']",CC(C)NCC(O)COc1cccc2ccccc12,1.067739259
"['BRD-A87719232', 'BRD-K33299843', 'BRD-K59197931']",COc1ccc2cc(C(C)C(=O)O)ccc2c1,0.175798162
['BRD-A69777949'],CC1CCc2cc(F)cc3c(=O)c(C(=O)O)cn1c23,0.135564159
"['BRD-A75144621', 'BRD-A94756469', 'BRD-K23478508', 'BRD-K40476324']",CC1OC(OC2C(O)CC(OC3C(O)CC(OC4CCC5(C)C(CCC6C5CC(O)C5(C)C(C7=CC(=O)OC7)CCC65O)C4)OC3C)OC2C)CC(O)C1O,0.226718052
['BRD-K37289225'],CN1CCN(C2=Nc3cc(Cl)ccc3Nc3ccccc32)CC1,0.185601781
['BRD-A34309505'],CN1CCN(C(=O)OC2c3nccnc3C(=O)N2c2ccc(Cl)cn2)CC1,0.555213534
['BRD-A34309505'],CN1CCN(C(=O)OC2c3nccnc3C(=O)N2c2ccc(Cl)cn2)CC1,0.555213534
['BRD-K42098891'],CNCCCC1c2ccccc2C=Cc2ccccc21,0.552716938
['BRD-A19661776'],CN1CCN2c3ccccc3Cc3ccccc3C2C1,0.174974181
['BRD-A59198242'],CCOc1ccccc1OCC1CNCCO1,0.514192133
['BRD-A64610707'],CC(C(=O)O)c1ccc2c(c1)Cc1cccnc1O2,-0.005143415
['BRD-A17411484'],CC(C(=O)O)c1ccc2c(c1)[nH]c1ccc(Cl)cc12,0.140435526
['BRD-M34926192'],N=C(N)NCC1COC2(CCCCC2)O1,0.131623908
['BRD-K86887724'],CN(CCOc1ccc(NS(C)(=O)=O)cc1)CCc1ccc(NS(C)(=O)=O)cc1,0.331213394
"['BRD-A16700644', 'BRD-A74269027']",CC(COc1ccccc1)NC(C)C(O)c1ccc(O)cc1,-0.020678059
['BRD-K32311154'],Cn1c(NCCN(CCO)CCCc2ccc([N+](=O)[O-])cc2)cc(=O)n(C)c1=O,0.555375056
['BRD-K60160658'],Cc1ccsc1C(=CCCN1CCCC(C(=O)O)C1)c1sccc1C,0.24825718
['BRD-A09472452'],O=C(NCC1CCCCN1)c1cc(OCC(F)(F)F)ccc1OCC(F)(F)F,0.04899788
['BRD-A23359898'],CC(C)CC(N(C)C)C1(c2ccc(Cl)cc2)CCC1,-0.110236021
['BRD-A21858158'],O=C(C1CCCCC1)N1CC(=O)N2CCc3ccccc3C2C1,0.22066033
['BRD-K55034111'],CCn1cc(C(=O)O)c(=O)c2cc(F)c(N3CCN(C)CC3)cc21,0.02714642
['BRD-K11196887'],CCn1cc(C(=O)O)c(=O)c2cc(F)c(N3CCNCC3)cc21,0.074115044
['BRD-A75850590'],CCn1cc(C(=O)O)c(=O)c2cc(F)c(N3CCNC(C)C3)c(F)c21,0.399612832
['BRD-K14116214'],COc1cc(NS(=O)(=O)c2ccc(N)cc2)ncn1,0.255318472
['BRD-K55250441'],COc1ncnc(NS(=O)(=O)c2ccc(N)cc2)c1OC,1.198515582
['BRD-K71125014'],COc1cc(NS(=O)(=O)c2ccc(N)cc2)nc(OC)n1,0.157272147
['BRD-K94436377'],COc1ccc(-c2cc(=O)c3c(O)cc(OC4OC(COC5OC(C)C(O)C(O)C5O)C(O)C(O)C4O)cc3o2)cc1O,0.02051567
['BRD-K54978501'],CC(C)(C)C(=O)OCOC(=O)C1N2C(=O)C(N=CN3CCCCCC3)C2SC1(C)C,0.570966255
['BRD-A95939040'],Clc1ccc(C(Cn2ccnc2)OCc2csc3c(Cl)cccc23)c(Cl)c1,-0.428443666
['BRD-A35519318'],COC(=O)C1C(C)=NC(C)=C(C(=O)OC2CCCN(Cc3ccccc3)C2)C1c1cccc([N+](=O)[O-])c1,-0.12687097
['BRD-A15034104'],COc1c(O)cc2c(c1O)C1OC(CO)C(O)C(O)C1OC2=O,0.019081385
['BRD-K82147103'],CN(CCCN1c2ccccc2CCc2ccccc21)CC(=O)c1ccc(Cl)cc1,0.741554754
['BRD-A39172021'],CCOC(=O)OC(C)OC1=C(C(=O)Nc2ccccn2)N(C)S(=O)(=O)c2ccccc21,-0.00375673
['BRD-K50859149'],Cc1noc(NS(=O)(=O)c2ccc(N)cc2)c1C,0.148882911
['BRD-K82941592'],CC(C)c1nc(N(C)S(C)(=O)=O)nc(-c2ccc(F)cc2)c1/C=C/C(O)CC(O)CC(=O)O,0.539945947
['BRD-A24191444'],CC(C(O)c1ccc(O)cc1)N1CCC(Cc2ccccc2)CC1,1.159229615
['BRD-K29627430'],O=C(O)C1C(=CCO)OC2CC(=O)N21,0.329555028
['BRD-K89055274'],CCN(CCCc1ccccc1)CCCc1ccccc1,0.762942478
['BRD-A22844106'],CN1C(C(=O)Nc2ccccn2)C(=O)c2sccc2S1(=O)=O,0.211513408
['BRD-K66019333'],CN1CCCN=C1/C=C/c1cccc(O)c1,-0.013401819
['BRD-K55375480'],CCC1(C2OC(C3OC(O)(CO)C(C)CC3C)CC2C)CCC(C2(C)CCC3(CC(O)C(C)C(C(C)C(OC)C(C)C(=O)O)O3)O2)O1,0.3796255
['BRD-K68867920'],OCCOCCN1CCN(C2=Nc3ccccc3Sc3ccccc32)CC1,0.550699621
"['BRD-A24228527', 'BRD-K09471561']",CC1COc2c(N3CCN(C)CC3)c(F)cc3c(=O)c(C(=O)O)cn1c23,1.186482411
"['BRD-A24228527', 'BRD-K09471561']",CC1COc2c(N3CCN(C)CC3)c(F)cc3c(=O)c(C(=O)O)cn1c23,1.186482411
['BRD-K95763993'],CCN(CC)c1cc(C)nc2ncnn12,0.215585002
['BRD-A24397426'],CC1CCc2c(N3CCC(O)CC3)c(F)cc3c(=O)c(C(=O)O)cn1c23,0.032039462
['BRD-K15567136'],COc1ccc(Cc2nccc3cc(OC)c(OC)cc23)cc1OC,0.318137364
['BRD-K36756879'],CCOc1ccc(Cc2nccc3cc(OCC)c(OCC)cc23)cc1OCC,0.490762235
['BRD-K62374253'],CN1CCN(c2c(F)cc3c(=O)c(C(=O)O)cn4c3c2SCC4)CC1,0.966556892
"['BRD-K03012696', 'BRD-K52735702']",C=CC1=C(C(=O)O)N2C(=O)C(NC(=O)C(=NO)c3csc(N)n3)C2SC1,0.513211304
"['BRD-A67981824', 'BRD-K76018977']",CO/N=C(/C(=O)NC1C(=O)N2C(C(=O)O)=C(COC(C)=O)CSC12)c1csc(N)n1,0.110217246
['BRD-A87387433'],COCC1=C(C(=O)OC(C)OC(=O)OC(C)C)N2C(=O)C(NC(=O)/C(=N/OC)c3csc(N)n3)C2SC1,0.560285156
"['BRD-K04993501', 'BRD-K54283240', 'BRD-K71059170']",C=CC1=C(C(=O)O)N2C(=O)C(NC(=O)/C(=N/OCC(=O)O)c3csc(N)n3)C2SC1,0.016958586
"['BRD-K34776109', 'BRD-K42693031']",CCC1=C(C)CN(C(=O)NCCc2ccc(S(=O)(=O)NC(=O)NC3CCC(C)CC3)cc2)C1=O,0.04196385
['BRD-A34817987'],CCC(C)n1ncn(-c2ccc(N3CCN(c4ccc(OCC5COC(Cn6cncn6)(c6ccc(Cl)cc6Cl)O5)cc4)CC3)cc2)c1=O,0.521515892
['BRD-A39052811'],CCOc1cc(N)c(Cl)cc1C(=O)NCC1CN(Cc2ccc(F)cc2)CCO1,0.668047644
['BRD-K88682005'],NS(=O)(=O)c1cc2c(cc1Cl)N=CNS2(=O)=O,0.023011506
['BRD-K73109821'],CC1=Nc2ccc(Cl)cc2S(=O)(=O)N1,0.029262017
"['BRD-K01612348', 'BRD-K74615293']",CC(O)C1C(=O)N2C(C(=O)O)=C(SC3CNC(C(=O)N(C)C)C3)C(C)C12,0.436870736
['BRD-K88789588'],N#Cc1ccc(C(c2ccc(C#N)cc2)n2cncn2)cc1,0.769459398
['BRD-K77695569'],c1ccc2[nH]c(-c3cscn3)nc2c1,0.213594451
['BRD-K70778732'],O=c1n(CCCN2CCN(c3cccc(Cl)c3)CC2)nc2ccccn12,0.943621811
['BRD-A26384407'],NS(=O)(=O)c1cc(C2(O)NC(=O)c3ccccc32)ccc1Cl,0.203595491
"['BRD-A20697603', 'BRD-A52627843']",C=C(NC(=O)C(=C)NC(=O)c1csc(C2=NC3c4csc(n4)C4NC(=O)c5csc(n5)C(C(C)(O)C(C)O)NC(=O)C5CSC(=N5)/C(=C\C)NC(=O)C(C(C)O)NC(=O)c5csc(n5)C3(CC2)NC(=O)C(C)NC(=O)C(=C)NC(=O)C(C)NC(=O)C(C(C)CC)NC2C=Cc3c(C(C)O)cc(nc3C2O)C(=O)OC4C)n1)C(N)=O,0.172836477
['BRD-K74141488'],CN(C/C=C/c1ccccc1)Cc1cccc2ccccc12,0.572017334
['BRD-K35520305'],CN(C)/N=N/c1[nH]cnc1C(N)=O,-0.010602356
['BRD-A70083328'],Cc1ncc([N+](=O)[O-])n1CC(C)O,0.063486635
['BRD-K96042922'],O=C(Cn1ccnc1[N+](=O)[O-])NCCO,0.059843674
['BRD-K89125793'],CCS(=O)(=O)CCn1c([N+](=O)[O-])cnc1C,-0.006621335
['BRD-K52020312'],Cc1ncc([N+](=O)[O-])n1CCO,-0.007084488
['BRD-K94266545'],Cn1c([N+](=O)[O-])cnc1COC(N)=O,0.778581966
['BRD-K18618618'],CNC(=NC#N)NCCSCc1nc[nH]c1C,0.014468385
['BRD-A42759514'],Cc1ncc([N+](=O)[O-])n1CC(O)CCl,0.063053097
"['BRD-A79067928', 'BRD-K37798499', 'BRD-K46503544']",COc1cc(C2c3cc4c(cc3C(OC3OC5COC(C)OC5C(O)C3O)C3COC(=O)C23)OCO4)cc(OC)c1O,0.00429931
['BRD-K47323024'],CN(C)CCN(Cc1cccs1)c1ccccn1,0.515340166
['BRD-K02265150'],Clc1ccc2c(c1)C(N1CCNCC1)=Nc1ccccc1O2,-0.130474172
['BRD-K39915878'],CN1CCN(C2=Nc3ccccc3Oc3ccc(Cl)cc32)CC1,0.408490515
['BRD-K47407372'],Cc1c(NC(=O)c2cccnc2)c(=O)n(-c2ccccc2)n1C,0.026714602
['BRD-K21450440'],NS(=O)(=O)c1cc2c(cc1Cl)N=C(CSCc1ccccc1)NS2(=O)=O,0.248678729
['BRD-K69116396'],O=C1NCCN1CCN1CCC(c2cn(-c3ccc(F)cc3)c3ccc(Cl)cc23)CC1,-0.125072238
"['BRD-K53226837', 'BRD-K87226815']",NC1CONC1=O,1.420403836
"['BRD-K53226837', 'BRD-K87226815']",NC1CONC1=O,1.420403836
['BRD-K43544024'],CC12COC(=O)CC1CCC1C2CCC2(C)C1CCC2(C)O,0.110507148
['BRD-K88871508'],CCN(CC)C(=O)NC1C=C2c3cccc4[nH]cc(c34)CC2N(C)C1,0.504439746
"['BRD-A63667919', 'BRD-K34685430']",CCC(CO)NC(=O)C1C=C2c3cccc4[nH]cc(c34)CC2N(C)C1,0.251822534
['BRD-K13387373'],CCCCCCCCCCCCCCCC[N+](C)(C)CCN(Cc1ccc(OC)cc1)c1ncccn1,-0.207423348
['BRD-K61192372'],CCCCCOC(=O)Nc1nc(=O)n(C2OC(C)C(O)C2O)cc1F,0.739737603
['BRD-K85925969'],Nc1ccn(C2CCC(CO)O2)c(=O)n1,0.172138731
['BRD-K15108141'],Nc1ccn(C2OC(CO)C(O)C2(F)F)c(=O)n1,0.220801103
"['BRD-A18929998', 'BRD-K33106058']",Nc1ccn(C2OC(CO)C(O)C2O)c(=O)n1,-0.103334074
['BRD-K14821965'],CC[N+](C)(CC)CCC[n+]1c(-c2ccccc2)c2cc(N)ccc2c2ccc(N)cc21,0.227341654
"['BRD-A00758722', 'BRD-A39415247', 'BRD-K24559712', 'BRD-K80334323', 'BRD-K83229621', 'BRD-K92073408']",C#CC1(O)CCC2C3CCC4=C(CCC(=O)C4)C3CCC21C,0.394947474
"['BRD-A00758722', 'BRD-A39415247', 'BRD-K24559712', 'BRD-K80334323', 'BRD-K83229621', 'BRD-K92073408']",C#CC1(O)CCC2C3CCC4=C(CCC(=O)C4)C3CCC21C,0.394947474
['BRD-K10467831'],C#CC1(O)CCC2C3C(C)CC4=C(CCC(=O)C4)C3CCC21C,0.379369469
"['BRD-K71879491', 'BRD-K76723084']",CC1=C(/C=C/C(C)=C/C=C/C(C)=C/C(=O)O)C(C)(C)CCC1,0.999049525
"['BRD-K71879491', 'BRD-K76723084']",CC1=C(/C=C/C(C)=C/C=C/C(C)=C/C(=O)O)C(C)(C)CCC1,0.999049525
['BRD-K15502390'],Cc1ccnc2c1NC(=O)c1cccnc1N2C1CC1,0.323285807
['BRD-K78643075'],O=C(CCCN1CCC(O)(c2ccc(Br)cc2)CC1)c1ccc(F)cc1,0.895922511
['BRD-K67783091'],O=C(CCCN1CCC(O)(c2ccc(Cl)cc2)CC1)c1ccc(F)cc1,0.476400138
['BRD-A30693873'],O=C(Nc1ccccc1)OCC(CN1CCCCC1)OC(=O)Nc1ccccc1,0.986343172
['BRD-K12437696'],CC1C(NC(=O)C(=NOC(C)(C)C(=O)O)c2csc(N)n2)C(=O)N1S(=O)(=O)O,0.128097345
['BRD-K12219985'],Cc1cnc(C(=O)NCCc2ccc(S(=O)(=O)NC(=O)NC3CCCCC3)cc2)cn1,0.037959088
['BRD-A61793559'],Cc1ccccc1N1C(=O)c2cc(S(N)(=O)=O)c(Cl)cc2NC1C,0.046728633
"['BRD-A23637604', 'BRD-A93291428']",CC12CC(C=O)C(=O)CC1CCC1C2CCC2(C)C1CCC2(C)O,1.738300893
['BRD-K78815826'],CCCCC1(COC(=O)CCC(=O)O)C(=O)N(c2ccccc2)N(c2ccccc2)C1=O,0.017635564
['BRD-K10843433'],CCCCC1C(=O)N(c2ccccc2)N(c2ccccc2)C1=O,0.107450118
['BRD-A33749298'],CCCCC1C(=O)N(c2ccccc2)N(c2ccc(O)cc2)C1=O,0.120827955
['BRD-K70401845'],C#Cc1cccc(Nc2ncnc3cc(OCCOC)c(OCCOC)cc23)c1,-0.086314766
"['BRD-A60274948', 'BRD-A69960130', 'BRD-A80151636', 'BRD-K72853990']",CC(C)CC1C(=O)N2CCCC2C2(O)OC(NC(=O)C3C=C4c5cccc6[nH]c(Br)c(c56)CC4N(C)C3)(C(C)C)C(=O)N12,-0.086372778
"['BRD-A82307304', 'BRD-K69726342', 'BRD-U88459701']",CC(C)c1c(C(=O)Nc2ccccc2)c(-c2ccccc2)c(-c2ccc(F)cc2)n1CCC(O)CC(O)CC(=O)O,0.437696255
['BRD-K41406082'],Nc1ccc(S(=O)(=O)Nc2ccccn2)cc1,0.093089796
['BRD-A68589262'],COc1cc(C(=O)NC2CCCNC2)cc(OC)c1OC,0.528219843
"['BRD-A48237631', 'BRD-K51418664']",COC12C(COC(N)=O)C3=C(C(=O)C(C)=C(N)C3=O)N1CC1NC12,-0.061100596
['BRD-A09533288'],COc1ccc(CCN(C)CCCC(C#N)(c2ccc(OC)c(OC)c2)C(C)C)cc1OC,0.709916472
['BRD-A30205217'],CCN1C(=O)NC(c2ccccc2)C1=O,0.042131342
['BRD-A83937277'],CCC1(c2ccccc2)NC(=O)N(C)C1=O,0.188871473
['BRD-K87990216'],NS(=O)(=O)c1cc(C(=O)O)cc(N2CCCC2)c1Oc1ccccc1,0.434491979
['BRD-K88611939'],COc1ccc(C(=O)N2CCCC2=O)cc1,0.010068904
['BRD-A51820102'],Clc1ccc(COC(Cn2ccnc2)c2ccc(Cl)cc2Cl)cc1,-0.171785893
['BRD-A82396632'],Clc1ccc(COC(Cn2ccnc2)c2ccc(Cl)cc2Cl)c(Cl)c1,-0.119313338
['BRD-K56810756'],Cc1cn[nH]c1,0.034207602
['BRD-K20075662'],NCCc1cc[nH]n1,0.035912877
['BRD-A75935363'],COc1ccc(CC2c3cc(OC)c(OC)cc3CC[N+]2(C)CCC(=O)OCCCCCOC(=O)CC[N+]2(C)CCc3cc(OC)c(OC)cc3C2Cc2ccc(OC)c(OC)c2)cc1OC,1.338431048
['BRD-A75935363'],COc1ccc(CC2c3cc(OC)c(OC)cc3CC[N+]2(C)CCC(=O)OCCCCCOC(=O)CC[N+]2(C)CCc3cc(OC)c(OC)cc3C2Cc2ccc(OC)c(OC)c2)cc1OC,1.338431048
['BRD-K15933101'],CCCN(CCC)CCc1cccc2c1CC(=O)N2,-0.015314514
['BRD-K62996583'],Cc1cccc(C)c1NC(=O)CN1CCN(CCCC(c2ccc(F)cc2)c2ccc(F)cc2)CC1,-0.112050259
['BRD-K53123955'],O=C1NCCN1c1ncc([N+](=O)[O-])s1,0.078001043
['BRD-K06902185'],Nc1cc(N2CCCCC2)nc(N)[n+]1[O-],0.002314942
['BRD-K52459643'],CCCCCC(O)/C=C/C1C(O)CC(=O)C1CCCCCCC(=O)O,1.060252198
['BRD-A50310035'],CCCCC(C)(O)CC=CC1C(O)CC(=O)C1CCCCCCC(=O)OC,1.029789784
['BRD-K70507123'],Cn1c(=O)c2c(ncn2CC2OCCO2)n(C)c1=O,0.099204411
['BRD-K93880783'],Cc1cn(C2C=CC(CO)O2)c(=O)[nH]c1=O,0.407412055
['BRD-K30114692'],C1N2CN3CN1CN(C2)C3,0.289729647
"['BRD-A66559694', 'BRD-A83855350', 'BRD-K88172511']",O=C1CCC2(O)C3Cc4ccc(O)c5c4C2(CCN3CC2CC2)C1O5,0.149607726
['BRD-M61246020'],CC(C(=O)O)c1cccc(Oc2ccccc2)c1,0.039529028
['BRD-K61236135'],O=C(O)Cc1cc(I)c(Oc2ccc(O)c(I)c2)c(I)c1,0.315210177
['BRD-K30685142'],NC(Cc1cc(I)c(Oc2cc(I)c(O)c(I)c2)c(I)c1)C(=O)O,-0.032966026
['BRD-K38197229'],CCCCNc1cc(C(=O)O)cc(S(N)(=O)=O)c1Oc1ccccc1,0.60070035
['BRD-K41731458'],Oc1cc(Cl)ccc1Oc1ccc(Cl)cc1Cl,-0.180822547
"['BRD-A74642112', 'BRD-K89152108']",NC(Cc1cc(I)c(Oc2ccc(O)c(I)c2)c(I)c1)C(=O)O,-0.042210704
['BRD-K76775527'],CS(=O)(=O)Nc1ccc([N+](=O)[O-])cc1Oc1ccccc1,0.048783186
['BRD-K06388322'],CCCNC1CCc2nc(N)sc2C1,0.314016595
['BRD-K52960356'],CC(=O)c1ccc(S(=O)(=O)NC(=O)NC2CCCCC2)cc1,0.111508231
['BRD-K16444452'],CC(C)C(=O)c1c(C(C)C)nn2ccccc12,1.019555283
['BRD-K82143716'],Nc1nc(=O)[nH]cc1F,0.56457472
"['BRD-A88080608', 'BRD-K04046242', 'BRD-K57943804']",CC12CCC3C(=CCc4cc(O)ccc43)C1CCC2=O,1.281616688
['BRD-K00885784'],CC12CCC(=O)C=C1C=CC1C2CCC2(C)C1CCC21CCC(=O)O1,0.551878374
['BRD-K97752965'],O=C(NCCO[N+](=O)[O-])c1cccnc1,0.072964795
['BRD-K91315211'],CNCCc1ccccn1,0.114364267
['BRD-K88568253'],CC(C)NNC(=O)c1ccncc1,0.026714602
"['BRD-K75360161', 'BRD-K97863768']",CCCc1cc(C(=N)S)ccn1,1.136479861
"['BRD-A22897758', 'BRD-A43882281', 'BRD-A58207013']",CC(/N=C(\NC#N)Nc1ccncc1)C(C)(C)C,0.015257629
['BRD-K14349461'],Cc1ncc(CO)c(CO)c1O,0.174594354
['BRD-K60237333'],O=C(O)c1cccnc1,0.352903902
['BRD-K51207550'],CCc1cc(C(=N)S)ccn1,0.121165722
['BRD-K87202646'],NNC(=O)c1ccncc1,0.233683628
['BRD-K28912512'],NC(=O)c1cccnc1,-0.016336964
['BRD-K77641333'],c1ccc2c(CC3=NCCN3)cccc2c1,0.013623744
['BRD-A99314711'],NCC1OC(OC2C(CO)OC(OC3C(O)C(N)CC(N)C3OC3OC(CO)C(O)C(O)C3N)C2O)C(N)C(O)C1O,0.293210799
['BRD-K71013094'],NCC1OC(OC2C(CO)OC(OC3C(O)C(N)CC(N)C3OC3OC(CN)C(O)C(O)C3N)C2O)C(N)C(O)C1O,0.095287275
['BRD-K52756523'],CCC1OC(=O)C(C)C(OC2CC(C)(OC)C(O)C(C)O2)C(C)C(OC2OC(C)CC(N(C)C)C2O)C(C)(O)CC(C)C2NC(COCCOC)OC(C2C)C1(C)O,0.104974198
['BRD-K15262564'],C/C(=C\C(=O)OCCCCCCCCC(=O)O)CC1OCC(CC2OC2C(C)C(C)O)C(O)C1O,0.00794588
['BRD-A36217750'],O=C1C(CC[S+](O)c2ccccc2)C(=O)N(c2ccccc2)N1c1ccccc1,0.025212606
['BRD-K84091759'],CCOc1nc2cccc(C(=O)O)c2n1Cc1ccc(-c2ccccc2-c2nnn[nH]2)cc1,1.165683797
['BRD-A84481105'],CSc1ccc2c(c1)N(CCC1CCCCN1C)c1ccccc1S2,-0.131372932
['BRD-A14395271'],CN1CCCCC1CCN1c2ccccc2Sc2ccc([S+](C)O)cc21,0.303688351
['BRD-A21072306'],O.O=C1OC2(c3cc(Br)c(O)cc3Oc3c2cc(Br)c(O)c3[Hg+])c2ccccc21,1.120995465
['BRD-A50675702'],N#Cc1nn(-c2c(Cl)cc(C(F)(F)F)cc2Cl)c(N)c1[S+](O)C(F)(F)F,0.016292873
['BRD-K63828191'],O=C(c1ccc(OCCN2CCCCC2)cc1)c1c(-c2ccc(O)cc2)sc2cc(O)ccc12,-0.284675804
['BRD-K74195153'],Nc1nc(N)nc(-c2cc(Cl)ccc2Cl)n1,0.016044386
"['BRD-A24514565', 'BRD-K25991148']",CC(=O)CC(c1ccccc1)c1c(O)c2ccccc2oc1=O,-0.023818829
['BRD-A65051990'],CC(=O)CC(c1ccc([N+](=O)[O-])cc1)c1c(O)c2ccccc2oc1=O,0.061932155
"['BRD-K02275692', 'BRD-K21815137']",CN(C)CCn1nnnc1SCC1=C(C(=O)O)N2C(=O)C(NC(=O)Cc3csc(N)n3)C2SC1,0.107918112
['BRD-K26171350'],CC12CC(=O)C3C(CCC4=CC(=O)CCC43C)C1CCC2=O,0.365288696
['BRD-K23566484'],CC1(C)NC(=O)N(c2ccc([N+](=O)[O-])c(C(F)(F)F)c2)C1=O,0.727647454
['BRD-K77947974'],O=C1NCN(c2ccccc2)C12CCN(CCCC(c1ccc(F)cc1)c1ccc(F)cc1)CC2,0.64163148
['BRD-K38305202'],O=c1[nH]c2ccccc2n1CCCN1CCC(n2c(=O)[nH]c3cc(Cl)ccc32)CC1,0.38996936
['BRD-K72222507'],CCOC(=O)C(CCc1ccccc1)NC(C)C(=O)N1Cc2ccccc2CC1C(=O)O,0.27934801
['BRD-K46018455'],CC(C)(Oc1ccc(CCNC(=O)c2ccc(Cl)cc2)cc1)C(=O)O,0.651633982
['BRD-K74501079'],CCC1OC(=O)C(C)C(OC2CC(C)(OC)C(O)C(C)O2)C(C)C(OC2OC(C)CC(N(C)C)C2O)C(C)(O)CC(C)CN(C)C(C)C(O)C1(C)O,1.486584463
['BRD-K17378184'],COc1ccccc1N1CCN(CCCCNC(=O)c2ccc3ccccc3c2)CC1,0.536216285
['BRD-K21565985'],Cc1cccc(C)c1NC1=NCCCS1,0.200111136
['BRD-A11776908'],C=CCOC(Cn1ccnc1)c1ccc(Cl)cc1Cl,0.396232325
['BRD-K90630139'],CN(Cc1ccc(C(C)(C)C)cc1)Cc1cccc2ccccc12,0.428472994
['BRD-K70163715'],Clc1ccc(Nc2nnc(Cc3ccncc3)c3ccccc23)cc1,0.998372483
['BRD-A71157293'],C/C(=C(/CCO)SSCC1CCCO1)N(C=O)Cc1cnc(C)nc1N,1.385137645
['BRD-M18219129'],N=C(N)NCCN1CCCCCCC1,0.049024512
['BRD-K93433262'],C=C1/C(=C\C=C2/CCCC3(C)C2CCC3C(C)CCCC(C)C)CC(O)CC1O,-0.139608802
"['BRD-A69927616', 'BRD-A90799790']",COC(=O)C1C(C)=NC(C)=C(C(=O)OC(C)C)C1c1cccc2nonc12,0.401521057
['BRD-A01320529'],OCc1cc(C(O)CNCCCCCCOCCCCc2ccccc2)ccc1O,-0.036972438
['BRD-K89708791'],COC1/C=C/OC2(C)Oc3c(C)c(O)c4c(O)c(c5c(nc6cc(C)ccn65)c4c3C2=O)NC(=O)/C(C)=C/C=C/C(C)C(O)C(C)C(O)C(C)C(OC(C)=O)C1C,0.13864849
['BRD-A93255169'],O=C1CCC(N2C(=O)c3ccccc3C2=O)C(=O)N1,0.092920354
['BRD-K05236810'],O=c1cc(-c2ccc(O)c(O)c2)oc2cc(O)cc(O)c12,0.186173562
"['BRD-A39290993', 'BRD-A51294525']",CC(=O)OC1(C(C)=O)CCC2C3C=C(Cl)C4=CC(=O)C5CC5C4(C)C3CCC21C,0.482399041
['BRD-K01292756'],O=c1[nH]c2ccccc2n1C1CCN(CCCC(c2ccc(F)cc2)c2ccc(F)cc2)CC1,-0.166683342
['BRD-K47780086'],Nc1nc(O)c2ncn(CCC(CO)CO)c2n1,0.18246277
['BRD-K45033733'],CC(=O)OCC(CCn1cnc2cnc(N)nc21)COC(C)=O,0.258686273
['BRD-K66296774'],CC(C)n1c(/C=C/C(O)CC(O)CC(=O)O)c(-c2ccc(F)cc2)c2ccccc21,-0.066632747
"['BRD-A64242993', 'BRD-K36760124']",CC(=O)OC1CC(OC2C(O)CC(OC3C(O)CC(OC4CCC5(C)C(CCC6C5CC(O)C5(C)C(C7=CC(=O)OC7)CCC65O)C4)OC3C)OC2C)OC(C)C1OC1OC(CO)C(O)C(O)C1O,0.253465001
['BRD-K35458079'],CC1=NN(c2ccccc2)C(=O)C1,0.41946313
['BRD-K79425933'],O=C(CCCN1CCC(n2c(=O)[nH]c3ccccc32)CC1)c1ccc(F)cc1,0.424642585
"['BRD-A64977602', 'BRD-K83153774']",CN1CCN2c3ncccc3Cc3ccccc3C2C1,1.032002369
['BRD-K15567837'],CC1CCCC(C)N1NC(=O)c1ccc(Cl)c(S(N)(=O)=O)c1,0.225441512
['BRD-K59935627'],CC(C)(ON=C(C(=O)NC1C(=O)N2C(C(=O)O)=C(C[n+]3ccccc3)CSC12)c1csc(N)n1)C(=O)O,0.068682853
"['BRD-A03427350', 'BRD-A13946108']",CC1=C(CC(=O)O)c2cc(F)ccc2C1=Cc1ccc([S+](C)O)cc1,0.53823955
['BRD-A54490543'],Cc1ccc2c(c1)c1c3n2CCNC3CCC1,0.599476955
['BRD-A18605525'],CCCCC(CC)CN1CN(CC(CC)CCCC)CC(C)(N)C1,-0.104500465
['BRD-K17849083'],COc1ccc(/C=C/C(=O)Nc2ccccc2C(=O)O)cc1OC,0.026250278
"['BRD-A48631911', 'BRD-K09549677']",COCC(=O)OC1(CCN(C)CCCc2nc3ccccc3[nH]2)CCc2cc(F)ccc2C1C(C)C,-0.294822156
['BRD-A94543220'],c1ccc(-c2ccc(C(c3ccccc3)n3ccnc3)cc2)cc1,-0.044599321
['BRD-A80908310'],Clc1ccc(C(OCCN2CCCCC2)c2ccccc2)cc1,0.174192574
['BRD-A46179541'],CCN1CC(CCN2CCOCC2)C(c2ccccc2)(c2ccccc2)C1=O,0.722623203
['BRD-K20920669'],O=C(O)c1cc(=O)c2c(OCC(O)COc3cccc4oc(C(=O)O)cc(=O)c34)cccc2o1,0.066963462
['BRD-K05977355'],OC(Cn1cncn1)(Cn1cncn1)c1ccc(F)cc1F,0.529703097
['BRD-A84174393'],Cc1cnc(NC(=O)C2C(=O)c3ccccc3S(=O)(=O)N2C)s1,0.316921727
['BRD-K10974103'],CN(C(=O)C(Cl)Cl)c1ccc(OC(=O)c2ccco2)cc1,0.672235851
['BRD-A33084557'],Clc1ccc(C(Cn2ccnc2)OCc2ccsc2Cl)c(Cl)c1,-0.127104057
"['BRD-A83081521', 'BRD-K01095011', 'BRD-K59720958']",CC(C)(C)NC(=O)C1CCC2C3CCC4NC(=O)C=CC4(C)C3CCC12C,0.2657757
['BRD-K65667145'],c1coc(CNc2ncnc3[nH]cnc23)c1,0.014034476
['BRD-K71289571'],COc1cc(C(=O)NS(=O)(=O)c2ccccc2C)ccc1Cc1cn(C)c2ccc(NC(=O)OC3CCCC3)cc12,0.031895977
['BRD-K56614220'],CC(C)/N=c1\cc2n(-c3ccc(Cl)cc3)c3ccccc3nc-2cc1Nc1ccc(Cl)cc1,-0.105759775
['BRD-K36116267'],CCC1(CC)C(=O)C=CNC1=O,0.066238433
['BRD-A08187463'],CC(=O)SCC(Cc1ccccc1)C(=O)NCC(=O)OCc1ccccc1,0.303245166
['BRD-K72903603'],Cc1cn(C2CC(N=[N+]=[N-])C(CO)O2)c(=O)[nH]c1=O,0.056232374
['BRD-A79903587'],O=c1[nH]c(=O)n(C2CCCO2)cc1F,0.339969236
['BRD-K76634210'],O=c1[nH]c(=O)n(C2CC(O)C(CO)O2)cc1I,-0.01138701
['BRD-K03243820'],O=c1[nH]c(=O)n(C2CC(O)C(CO)O2)cc1C(F)(F)F,0.382601881
"['BRD-A80638690', 'BRD-K47832606']",O=c1[nH]c(=O)n(C2CC(O)C(CO)O2)cc1F,-0.115900432
['BRD-K81916719'],CSc1nc2cc(Cl)c(Oc3cccc(Cl)c3Cl)cc2[nH]1,0.194847069
['BRD-K21884483'],CN(c1nccc(=O)[nH]1)C1CCN(c2nc3ccccc3n2Cc2ccc(F)cc2)CC1,0.688086241
['BRD-A31836915'],CC1=C2N=C(C=C3N=C(C(C)=C4[N-]C(C)(C5N=C1C(C)(CCC(=O)NCC(C)OP(=O)(O)OC1C(CO)OC(n6cnc7cc(C)c(C)cc76)C1O)C5CC(N)=O)C(C)(CC(N)=O)C4CCC(N)=O)C(C)(CC(N)=O)C3CCC(N)=O)C(C)(C)C2CCC(N)=O.[C-]#N.[Co+3],0.063712712
['BRD-K16077845'],O=C(O)Cc1sc(-c2ccccc2)nc1-c1ccc(Cl)cc1,0.136803021
['BRD-K13183738'],N=C(N)c1ccc(OCCCCCOc2ccc(C(=N)N)cc2)cc1,-0.041206328
"['BRD-A85424553', 'BRD-K63874012']",S=C(NC1CCCCC1)N1CCC(C2C=NC=N2)CC1,0.004510976
['BRD-A13711138'],C=CC[N+]12CCC34c5ccccc5N5C=C6C7CC8C9(CC[N+]8(CC=C)CC7=CCO)c7ccccc7N(C=C(C(CC31)C(=CCO)C2)C54)C69,-0.01685692
['BRD-K91263825'],CNCCC=C1c2ccccc2CCc2ccccc21,-0.183791896
['BRD-K53737926'],CN(C)CCC=C1c2ccccc2CCc2ccccc21,0.718476518
['BRD-A33447119'],COC(=O)Nc1nc2ccc([S+](O)c3ccccc3)cc2[nH]1,0.469138141
['BRD-A57957888'],CC(=O)NC1CCSC1=O,-0.001877312
"['BRD-K87158025', 'BRD-K97688263']",NC(=NC(=O)c1nc(Cl)c(N)nc1N)NCc1ccccc1,-0.073647847
['BRD-A80567352'],CC(=O)OC1CN2CCC1CC2,0.033451878
['BRD-K57222227'],COc1ccc2c(c1)c(CC(=O)O)c(C)n2C(=O)c1ccc(Cl)cc1,0.574632514
['BRD-K57222227'],COc1ccc2c(c1)c(CC(=O)O)c(C)n2C(=O)c1ccc(Cl)cc1,0.574632514
['BRD-K67563174'],COc1ccc2c(c1)c(CC(=O)OCC(=O)O)c(C)n2C(=O)c1ccc(Cl)cc1,0.377688844
['BRD-K59058766'],CN(C)CC/C=C1\c2ccccc2Sc2ccc(Cl)cc21,-0.134237624
"['BRD-A37541666', 'BRD-A70461345', 'BRD-K67511046']",C=CCN1CCC23c4c5ccc(O)c4OC2C(=O)CCC3(O)C1C5,0.294087804
"['BRD-K08727137', 'BRD-K51751936']",CC(=O)OCC(=O)C1CCC2C3CCC4CC(O)CCC4(C)C3C(=O)CC12C,1.002338406
"['BRD-K37439386', 'BRD-K41445866']",CC(=O)C1CCC2C3CCC4CC(O)CCC4(C)C3C(=O)CC12C,0.713119113
['BRD-K95785345'],Cc1ncc(C[n+]2csc(CCO)c2C)c(N)n1,0.058294368
['BRD-K82795137'],CCOC(=O)N1CCC(=C2c3ccc(Cl)cc3CCc3cccnc32)CC1,0.226666201
['BRD-K82357231'],Clc1ccc2c(c1)CCc1cccnc1C2=C1CCNCC1,-0.246074902
['BRD-K96862998'],Cc1ccc(=O)n(-c2ccccc2)c1,0.27231805
"['BRD-K63899271', 'BRD-K89210380']",O=C(O)CCCCC1SCC2NC(=O)NC21,0.022454098
['BRD-K80396088'],COc1ccc2c(c1)C(=O)N(CCc1ccc(S(=O)(=O)NC(=O)NC3CCCCC3)cc1)C(=O)C2(C)C,0.313710635
['BRD-A19633847'],C1CCC(C(CC2CCCCN2)C2CCCCC2)CC1,-0.177588794
['BRD-K85307935'],COC1C(OC(N)=O)C(O)C(Oc2ccc3c(O)c(NC(=O)c4ccc(O)c(CC=C(C)C)c4)c(=O)oc3c2C)OC1(C)C,0.447336789
['BRD-K12994359'],Cc1onc(-c2ccccc2)c1-c1ccc(S(N)(=O)=O)cc1,0.882713128
['BRD-K49372556'],COc1ccc(-c2noc(CC(=O)O)c2-c2ccc(OC)cc2)cc1,0.144206831
['BRD-A17846016'],Cc1c(C)c2c(c(C)c1O)CCC(C)(C(=O)O)O2,0.038127062
['BRD-K77685957'],Cc1cc(N)c2ccccc2[n+]1CCCCCCCCCC[n+]1c(C)cc(N)c2ccccc21,0.011370009
['BRD-K04704168'],Clc1ccc(Cn2c(CN3CCCC3)nc3ccccc32)cc1,1.007300885
['BRD-K13926615'],CCCc1nc(C)c2c(=O)[nH]c(-c3cc(S(=O)(=O)N4CCN(CC)CC4)ccc3OCC)nn12,0.544254678
['BRD-K28494619'],Cc1cc(NS(=O)(=O)c2ccc(N)cc2)no1,0.066150442
['BRD-K00673382'],NC(N)=Nc1nc(CSCC/C(N)=N\S(N)(=O)=O)cs1,0.072276277
"['BRD-K46652470', 'BRD-K73589491', 'BRD-K92193792']",CN/C(=C/[N+](=O)[O-])NCCSCc1csc(CN(C)C)n1,0.529528387
"['BRD-K03319035', 'BRD-K25433859']",CNCCCC12CCC(c3ccccc31)c1ccccc12,-0.135798054
['BRD-A23034328'],CCCC1CC(C(=O)NC(C(C)Cl)C2OC(SC)C(O)C(O)C2O)N(C)C1,0.566403998
['BRD-A23034328'],CCCC1CC(C(=O)NC(C(C)Cl)C2OC(SC)C(O)C(O)C2O)N(C)C1,0.566403998
['BRD-K49384696'],CCCC1CC(C(=O)NC(C(C)O)C2OC(SC)C(O)C(O)C2O)N(C)C1,0.076538269
"['BRD-A79314293', 'BRD-K65377893']",CC(=O)OCC1=C(C(=O)O)N2C(=O)C(N)C2SC1,0.243077769
['BRD-K26739552'],O=C1NCC2(CCN(CCc3ccccc3)CC2)O1,0.251769912
['BRD-A12832192'],CN([N+][O-])C(=O)NC1C(O)OC(CO)C(O)C1O,0.123842982
['BRD-K00259736'],COc1cc2c(c(OC)c1OC)-c1ccc(OC)c(=O)cc1C(NC(C)=O)CC2,0.059255707
['BRD-K46742498'],Cc1[nH]cnc1CN1CCc2c(c3ccccc3n2C)C1=O,0.151955274
"['BRD-K17084514', 'BRD-K45330754']",CCC(=C(CC)c1ccc(O)cc1)c1ccc(O)cc1,0.202310949
['BRD-K64659768'],O=C(O)c1ccccc1C(=O)Nc1ccc(S(=O)(=O)Nc2nccs2)cc1,0.034337139
['BRD-K73437736'],CC1(C)SC2C(NC(=O)C(NC(=O)N3CCNC3=O)c3ccccc3)C(=O)N2C1C(=O)O,0.018539129
['BRD-K60038276'],CCCCC1=NC2(CCCC2)C(=O)N1Cc1ccc(-c2ccccc2-c2nnn[nH]2)cc1,0.35369461
['BRD-K89839824'],Cc1nc(=O)c2cc(CN(C)c3ccc(C(=O)NC(CCC(=O)O)C(=O)O)s3)ccc2[nH]1,-0.07829971
['BRD-K08273968'],COC1=CC(=O)CC(C)C12Oc1c(Cl)c(OC)cc(OC)c1C2=O,0.170243363
['BRD-K54462405'],CN(C)CC/C=C1\c2ccccc2COc2ccccc21,0.908554277
['BRD-K67637637'],CN(C)CC/C=C1/c2ccccc2COc2ccc(CC(=O)O)cc21,0.980393659
['BRD-K21548250'],CCOC(=O)Nc1ccc2c(c1)N(C(=O)CCN1CCOCC1)c1ccccc1S2,0.511995206
"['BRD-A48720949', 'BRD-K90553655']",CCC(=O)OC1CCC2C3CCC4=CC(=O)CCC4(C)C3CCC12C,0.011082616
"['BRD-A67479912', 'BRD-K47244735', 'BRD-K64994968']",CC(=O)C1CCC2C3CCC4=CC(=O)CCC4(C)C3CCC12C,0.408704046
"['BRD-A73635141', 'BRD-A75172220', 'BRD-K93568044']",CC12CCC(=O)C=C1CCC1C2C(O)CC2(C)C1CCC2(O)C(=O)CO,0.119428749
['BRD-K52080565'],CC12CCC3C4CCC(=O)C=C4CCC3C1CCC2O,0.481901029
"['BRD-A38749782', 'BRD-A56470328']",CC(=O)OCC(=O)C1(O)CCC2C3CCC4=CC(=O)CCC4(C)C3(F)C(O)CC21C,0.282891446
"['BRD-A50928468', 'BRD-K35189033', 'BRD-K74741811', 'BRD-K90543092']",C#CC1(O)CCC2C3CCC4=CC(=O)CCC4C3CCC21CC,0.137716909
"['BRD-K91511962', 'BRD-K98521173']",CC12CCC(=O)C=C1CCC1C2CCC2(C)C(C(=O)CO)CCC12,0.868021005
"['BRD-A20126139', 'BRD-K13688115', 'BRD-K56515112']",CC(=O)C1CCC2C3CC(C)C4=CC(=O)CCC4(C)C3C(O)CC12C,0.585346608
"['BRD-A65767837', 'BRD-K53342282']",CC(=O)OCC(=O)C1(O)CCC2C3CCC4=CC(=O)CCC4(C)C3C(O)CC21C,0.144997459
"['BRD-K29731656', 'BRD-K73589401']",CC12CCC(=O)C=C1CCC1C2C(O)CC2(C)C(C(=O)CO)CCC12,0.212387448
"['BRD-K03981224', 'BRD-K37208476']",C#CC1(O)CCC2C3CCC4=CC(=O)CCC4(C)C3CCC21C,0.135317659
['BRD-K50720187'],CCOC(=O)Nc1ccc(NCc2ccc(F)cc2)nc1N,0.14123819
['BRD-K57033106'],CN(C)CCN(Cc1ccccc1)c1ccccn1,1.170330091
['BRD-K83257731'],CN(C)CCN(Cc1ccc(Cl)cc1)c1ccccn1,0.6466054
['BRD-K97564742'],COc1ccc(CN(CCN(C)C)c2ccccn2)cc1,0.161630815
['BRD-K15014948'],NCC1CCC(C(=O)O)CC1,0.109623894
['BRD-K62737565'],NCC1(CC(=O)O)CCCCC1,0.125957961
['BRD-A79465854'],CC(=O)OC1CC([S-])C(OC(C)=O)C(OC(C)=O)C1OC(C)=O.CC[P-2](CC)CC.[Au+3],-0.278990047
['BRD-K38310698'],COC1CC(OC2C(C)C(=O)OC(C)C(C)C(OC(C)=O)C(C)C(=O)C3(CO3)CC(C)C(OC3OC(C)CC(N(C)C)C3OC(C)=O)C2C)OC(C)C1OC(C)=O,0.020193172
['BRD-K28935038'],NC(C(=O)NC1C(=O)N2C(C(=O)O)=C(Cl)CCC12)c1ccccc1,0.606534692
['BRD-K28935038'],NC(C(=O)NC1C(=O)N2C(C(=O)O)=C(Cl)CCC12)c1ccccc1,0.606534692
['BRD-A45889380'],CCN(CC)CCCC(C)Nc1c2ccc(Cl)cc2nc2ccc(OC)cc12,-0.172436218
['BRD-K56483981'],COc1cc(-c2ccc(/N=N/c3ccc4c(S(=O)(=O)O)cc(S(=O)(=O)O)c(N)c4c3O)c(OC)c2)ccc1/N=N/c1ccc2c(S(=O)(=O)O)cc(S(=O)(=O)O)c(N)c2c1O,0.069802326
"['BRD-A29322418', 'BRD-K46556543', 'BRD-K54264597']",CC12CCC(=O)C=C1C=CC1C2CCC2(C)C1CCC2(O)CCC(=O)O,0.204218079
"['BRD-A01593789', 'BRD-K90241462']",CC(=O)OC1(C(C)=O)CCC2C3C=C(Cl)C4=CC(=O)CCC4(C)C3CCC21C,0.891406176
"['BRD-A35989968', 'BRD-K12002134', 'BRD-K19507340', 'BRD-K60132694']",CC(=O)OC1(C(C)=O)CCC2C3C=C(C)C4=CC(=O)CCC4(C)C3CCC21C,0.768453281
"['BRD-K11439261', 'BRD-K68620903']",CC(=O)C1CCC2C3C=CC4=CC(=O)CCC4(C)C3CCC12C,0.544650708
"['BRD-K27351809', 'BRD-K71552035']",CC(=O)OC1(C(C)=O)CCC2C3C=C(C)C4=CC(=O)CCC4C3CCC21C,0.618621288
['BRD-K48722258'],COc1cc(C(=O)OCCCN2CCCN(CCCOC(=O)c3cc(OC)c(OC)c(OC)c3)CC2)cc(OC)c1OC,0.211283186
['BRD-A29485665'],CC(O)(CS(=O)(=O)c1ccc(F)cc1)C(=O)Nc1ccc(C#N)c(C(F)(F)F)c1,0.475880052
['BRD-K10670311'],O=C(O)c1cc(/N=N/c2ccc(S(=O)(=O)Nc3ccccn3)cc2)ccc1O,0.09116826
['BRD-K93460210'],Nc1nnc(-c2cccc(Cl)c2Cl)c(N)n1,0.455260269
"['BRD-A19374631', 'BRD-K07390541', 'BRD-K53318339']",CCOC(=O)C1=CC2(CC)CCCN3CCc4c(n1c1ccccc41)C32,0.28004002
['BRD-K73394555'],CCn1cc(C(=O)O)c(=O)c2cc3c(cc21)OCO3,0.258573009
['BRD-K40902647'],CCC12CCCN3CCc4c(n(c5ccccc45)C(O)(C(=O)OC)C1)C32,0.104102051
['BRD-K37187815'],CON=C(C(=O)NC1C(=O)N2C(C(=O)O)=C(COC(N)=O)CSC12)c1ccco1,0.145625037
['BRD-K37187815'],CON=C(C(=O)NC1C(=O)N2C(C(=O)O)=C(COC(N)=O)CSC12)c1ccco1,0.145625037
['BRD-A28856712'],c1ccc2c(c1)CCCC2C1=NCCN1,0.013448252
"['BRD-A07440155', 'BRD-K04389336']",CC(CCc1ccccc1)NCC(O)c1ccc(O)c(C(N)=O)c1,1.27671973
['BRD-A78322124'],CC(CCc1ccc(O)cc1)NCCc1ccc(O)c(O)c1,-0.044610421
"['BRD-A07440155', 'BRD-K04389336']",CC(CCc1ccccc1)NCC(O)c1ccc(O)c(C(N)=O)c1,1.27671973
['BRD-A36267905'],CC(CCc1ccccc1)NC(C)C(O)c1ccc(O)cc1,1.263071199
"['BRD-K50128260', 'BRD-K79759585']",CCCc1nn(C)c2c(=O)nc(-c3cc(S(=O)(=O)N4CCN(C)CC4)ccc3OCC)[nH]c12,0.69436573
"['BRD-A55424491', 'BRD-K59456551']",CN(Cc1cnc2nc(N)nc(N)c2n1)c1ccc(C(=O)NC(CCC(=O)O)C(=O)O)cc1,0.695472315
['BRD-A34578416'],COC(c1ccccc1)(c1ccccc1)C(Oc1nc(C)cc(C)n1)C(=O)O,1.45860458
"['BRD-A52886023', 'BRD-A67709388']",CCCCCCC1C(=O)OC(C)C(NC(=O)c2cccc(NC=O)c2O)C(=O)OC(C)C1OC(=O)CC(C)C,-0.025995575
['BRD-A01078468'],CCC(c1ccc(O)cc1)C(CC)c1ccc(O)cc1,0.44415521
['BRD-A54635441'],CCC(=O)OC(Cc1ccccc1)(c1ccccc1)C(C)CN(C)C,0.821565554
['BRD-A41450521'],NC1CCN(c2nc3c(cc2F)c(=O)c(C(=O)O)cn3-c2ccc(F)cc2F)C1,0.109494554
['BRD-A99633051'],CCC1(C)CC(=O)NC1=O,0.193362832
['BRD-A23712469'],CCC(C)C(N)C1=NC(C(=O)NC(CC(C)C)C(=O)NC(CCC(=O)O)C(=O)NC(C(=O)NC2CCCCNC(=O)C(CC(N)=O)NC(=O)C(CC(=O)O)NC(=O)C(Cc3cnc[nH]3)NC(=O)C(Cc3ccccc3)NC(=O)C(C(C)CC)NC(=O)C(CCCN)NC2=O)C(C)CC)CS1,0.234966027
"['BRD-A64479082', 'BRD-K59632282', 'BRD-K70799801', 'BRD-K99257182', 'BRD-U94846492']",C=CC1CN2CCC1CC2C(O)c1ccnc2ccc(OC)cc12,1.411005503
['BRD-K37682401'],CCn1cc(C(=O)O)c(=O)c2cnc(N3CCCC3)nc21,0.060781633
['BRD-K82236179'],O=c1oc2ccccc2c(O)c1Cc1c(O)c2ccccc2oc1=O,0.549570814
['BRD-K06878038'],Cc1c(O)c(=O)ccn1C,0.199077455
['BRD-K86204871'],CC(C)N1CCN(c2ccc(OCC3COC(Cn4cncn4)(c4ccc(Cl)cc4Cl)O3)cc2)CC1,-0.111961763
['BRD-A65280694'],CCc1c(C)[nH]c2c1C(=O)C(CN1CCOCC1)CC2,0.480720899
['BRD-K35531059'],CCOC(=O)/N=c1/c[n+](N2CCOCC2)[n-]o1,0.180703832
"['BRD-A22143024', 'BRD-K51095933', 'BRD-K70515009']",CC12CCC3c4ccc(OS(=O)(=O)O)cc4CCC3C1CCC2=O,0.013573871
"['BRD-A37959677', 'BRD-K69743918', 'BRD-K81839095']",CC12CCC3c4ccc(O)cc4CCC3C1CCC2=O,0.930283771
"['BRD-A28019035', 'BRD-K39168746', 'BRD-K80115247']",CC12CCC3C(CCC4CC(O)CCC43C)C1CCC2=O,1.074802373
['BRD-K91601245'],S=c1[nH]cnc2nc[nH]c12,0.04283174
['BRD-A10386413'],O=C1OC(C(O)CO)C(O)C1=O,0.251334899
['BRD-K66615216'],COc1c(N2CC3CCCNC3C2)c(F)cc2c(=O)c(C(=O)O)cn(C3CC3)c12,0.805570448
['BRD-A08660406'],CC(=O)N(CC(O)CN(C(C)=O)c1c(I)c(C(=O)NCC(O)CO)c(I)c(C(=O)NCC(O)CO)c1I)c1c(I)c(C(=O)NCC(O)CO)c(I)c(C(=O)NCC(O)CO)c1I,-0.024733679
['BRD-K02227374'],CCN(CC)C(=O)C1(c2ccccc2)CC1CN,0.121901438
['BRD-A49358627'],CC(C)(Oc1ccc(C2CC2(Cl)Cl)cc1)C(=O)O,0.84977872
"['BRD-A43974575', 'BRD-K47029922', 'BRD-K88809146']",NC1CC1c1ccccc1,0.005475664
"['BRD-A51233382', 'BRD-A60294240']",CCOC1OC(C(COCc2ccccc2)OCc2ccccc2)C(OCc2ccccc2)C1O,-0.344408587
['BRD-K57718010'],C1CCc2nnnn2CC1,0.042865044
['BRD-K66876909'],CC(=O)NCC1CN(c2ccc(N3CCOCC3)c(F)c2)C(=O)O1,0.049466654
['BRD-K19107160'],CCC1OC(=O)CC(O)C(C)C(OC2OC(C)C(OC3CC(C)(O)C(O)C(C)O3)C(N(C)C)C2O)C(CC=O)CC(C)C(=O)C=CC(C)=CC1COC1OC(C)C(O)C(OC)C1OC,0.023414055
"['BRD-A04756508', 'BRD-K22901619']",C#CC1(OC(C)=O)CCC2C3CCC4=C/C(=N/O)CCC4C3CCC21CC,-0.332650995
['BRD-K47878171'],C[N+](C)(CCOc1ccccc1)Cc1ccccc1,0.498811085
"['BRD-A09539288', 'BRD-A39671870', 'BRD-A74975734']",CN1C2CCC1CC(OC(=O)C(O)c1ccccc1)C2,0.041309193
"['BRD-A78303415', 'BRD-K39330046', 'BRD-K40530731', 'BRD-M35773784']",CN1C2CCC1CC(OC(=O)C(CO)c1ccccc1)C2,-0.030962436
"['BRD-A78303415', 'BRD-K39330046', 'BRD-K40530731', 'BRD-M35773784']",CN1C2CCC1CC(OC(=O)C(CO)c1ccccc1)C2,-0.030962436
['BRD-K02404261'],Cn1c(=O)c2c(ncn2C)n(C)c1=O,0.525312093
['BRD-K83064458'],Cn1c(=O)c2c(ncn2CCO)n(C)c1=O,0.219081858
"['BRD-K97799481', 'BRD-M53001068']",Cn1c(=O)c2[nH]cnc2n(C)c1=O,0.012509937
['BRD-K34888156'],Cn1cnc2c1c(=O)[nH]c(=O)n2C,0.045670493
['BRD-K44004064'],Cn1c(=O)c2c(ncn2CC(=O)O)n(C)c1=O,-0.001039849
"['BRD-K97799481', 'BRD-M53001068']",Cn1c(=O)c2[nH]cnc2n(C)c1=O,0.012509937
['BRD-K57569181'],CC(=O)CCCCn1c(=O)c2c(ncn2C)n(C)c1=O,0.08340708
['BRD-A00827783'],Cn1c(=O)c2c(ncn2CC(O)CO)n(C)c1=O,-0.021663473
['BRD-M98649031'],Cn1c(=O)c2[nH]c(Cl)nc2n(C)c1=O,1.153376688
"['BRD-K30563334', 'BRD-K31484631']",COC1/C=C/OC2(C)Oc3c(C)c(O)c4c(O)c(c5c(c4c3C2=O)=NC2(CCN(CC(C)C)CC2)N=5)NC(=O)/C(C)=C/C=C/C(C)C(O)C(C)C(O)C(C)C(OC(C)=O)C1C,0.596911304
['BRD-K92760278'],Cc1cc2nc3c(=O)[nH]c(=O)nc-3n(CC(O)C(O)C(O)CO)c2cc1C,0.171113083
['BRD-K19227686'],O=C1OC(c2ccc(O)cc2)(c2ccc(O)cc2)c2ccccc21,0.089431542
"['BRD-A59985574', 'BRD-K55696337']",CCC1(O)C(=O)OCc2c1cc1n(c2=O)Cc2cc3c(CN(C)C)c(O)ccc3nc2-1,-0.221618034
"['BRD-A30437061', 'BRD-K37890730']",CCC1(O)C(=O)OCc2c1cc1n(c2=O)Cc2cc3ccccc3nc2-1,-0.138772124
['BRD-A97674275'],COc1ccccc1OCC(O)CN1CCN(CC(=O)Nc2c(C)cccc2C)CC1,1.094680066
['BRD-A70182876'],CCCC1C(=O)N2C(N(C)C)=Nc3ccc(C)cc3N2C1=O,0.981707983
['BRD-K43457670'],CC(=O)Nc1nnc(S(N)(=O)=O)s1,0.045016228
['BRD-A96407378'],NC(=O)NC1NC(=O)NC1=O,0.038728346
['BRD-K15010214'],CCOCCn1c(N2CCCN(C)CC2)nc2ccccc21,0.164769949
['BRD-A74980173'],COc1c(N2CCNC(C)C2)c(F)cc2c(=O)c(C(=O)O)cn(C3CC3)c12,0.173265937
['BRD-K04804440'],O=C(O)c1cn(C2CC2)c2cc(N3CCNCC3)c(F)cc2c1=O,-0.007265677
['BRD-K76534306'],CCN1CCN(c2cc3c(cc2F)c(=O)c(C(=O)O)cn3C2CC2)CC1,0.533721825
['BRD-K07612980'],CC1CN(c2c(F)c(N)c3c(=O)c(C(=O)O)cn(C4CC4)c3c2F)CC(C)N1,1.031502898
['BRD-K56429665'],C=C1/C(=C\C=C2/CCCC3(C)C2CCC3C(C)/C=C/C(O)C2CC2)CC(O)CC1O,0.101420378
['BRD-A48430263'],CCc1ccc(CCOc2ccc(CC3SC(=O)NC3=O)cc2)nc1,0.949883133
"['BRD-K05510762', 'BRD-K10860596']",CN1C2CCCC1CC(NC(=O)c1nn(C)c3ccccc13)C2,0.966710066
['BRD-K01649396'],CNC1CC(c2ccc(Cl)c(Cl)c2)c2ccccc21,-0.326094716
['BRD-M39942365'],O=C(NCCNCC(O)COc1ccc(O)cc1)N1CCOCC1,0.402066642
"['BRD-A23723433', 'BRD-A28746609', 'BRD-K86858124']",CC(=O)OC1C(=O)C2(C)C(O)CC3OCC3(OC(C)=O)C2C(OC(=O)c2ccccc2)C2(O)CC(OC(=O)C(O)C(NC(=O)c3ccccc3)c3ccccc3)C(C)=C1C2(C)C,-0.023500208
['BRD-K32107296'],Cn1nnc2c(C(N)=O)ncn2c1=O,-0.001889309
['BRD-K54770957'],Cc1ccc(-c2ncc(Cl)cc2-c2ccc(S(C)(=O)=O)cc2)cn1,0.158768615
['BRD-A24421185'],CCCC[N+]1(C)C2CC(OC(=O)C(CO)c3ccccc3)CC1C1OC12,0.026010189
"['BRD-A33973768', 'BRD-A49906757']",C[N+]1([O-])C2CC(OC(=O)C(CO)c3ccccc3)CC1C1OC12,0.114214602
['BRD-K96740444'],COc1ccc(C(=O)NCc2ccc(OCCN(C)C)cc2)cc1OC,0.059443121
['BRD-K34415467'],COc1cc(C(=O)NCc2ccc(OCCN(C)C)cc2)cc(OC)c1OC,0.135158175
['BRD-K72029282'],CC(C)(Sc1cc(C(C)(C)C)c(O)c(C(C)(C)C)c1)Sc1cc(C(C)(C)C)c(O)c(C(C)(C)C)c1,0.286883447
['BRD-K46585355'],CC(=O)Oc1ccccc1C(=O)Oc1ccccc1C(=O)O,0.086880107
['BRD-A50684349'],Oc1ccc(C2CNCCc3c2cc(O)c(O)c3Cl)cc1,1.077530616
['BRD-K48300629'],NS(=O)(=O)Cc1noc2ccccc12,-0.00614837
['BRD-A67799922'],CC(COc1ccccc1)N(CCCl)Cc1ccccc1,0.564160638
['BRD-A10662413'],CC(Cc1ccccc1)NCCC(c1ccccc1)c1ccccc1,-0.109423907
"['BRD-A13650332', 'BRD-A60052764']",Cc1onc(-c2c(F)cccc2Cl)c1C(=O)NC1C(=O)N2C1SC(C)(C)C2C(=O)O,0.122835518
['BRD-K23933163'],Cc1onc(-c2ccccc2Cl)c1C(=O)NC1C(=O)N2C1SC(C)(C)C2C(=O)O,0.054811947
['BRD-K05673000'],Cc1onc(-c2c(Cl)cccc2Cl)c1C(=O)NC1C(=O)N2C1SC(C)(C)C2C(=O)O,-0.016902222
"['BRD-A03044413', 'BRD-K96786677']",Cc1onc(-c2ccccc2)c1C(=O)NC1C(=O)N2C1SC(C)(C)C2C(=O)O,0.092337218
"['BRD-K18574842', 'BRD-K30682080']",CCOc1ccc2ccccc2c1C(=O)NC1C(=O)N2C1SC(C)(C)C2C(=O)O,0.363347855
['BRD-K16406336'],CN(C)c1ccc2nc3ccc(N(C)C)cc3[s+]c2c1,0.494701775
['BRD-M90449146'],CCCCCC(O)C=CC1C(O)CC(O)C1CC=CCCCC(=O)O,0.033064664
['BRD-K14993104'],CCC1(C)CC(=O)NC(=O)C1,0.107316063
['BRD-A92630576'],CCC(COC(=O)c1cc(OC)c(OC)c(OC)c1)(c1ccccc1)N(C)C,0.998846359
['BRD-K14705039'],Nc1ccc(S(=O)(=O)Nc2nccs2)cc1,-0.022601963
['BRD-K01950558'],O=C(O)CCC(=O)Nc1ccc(S(=O)(=O)Nc2nccs2)cc1,0.082538907
['BRD-K53061490'],O=C(O)/C=C/c1ccc(Cn2ccnc2)cc1,0.888696248
"['BRD-A54880345', 'BRD-K55055802']",CCOC(=O)c1cncn1C(C)c1ccccc1,0.469343537
"['BRD-K20168442', 'BRD-K31374463', 'BRD-K61341215']",CC(=O)OC1CC2CCC3C(CCC4(C)C3CC([N+]3(C)CCCCC3)C4OC(C)=O)C2(C)CC1N1CCCCC1,0.348344438
"['BRD-A49148672', 'BRD-K49481516']",COc1ccc2c3c1OC1CC(O)C=CC31CCN(C)C2,0.032829518
"['BRD-K18135438', 'BRD-K38159897', 'BRD-K62997315']",CC(CCC(=O)O)C1CCC2C3C(O)CC4CC(O)CCC4(C)C3CCC12C,0.05130216
"['BRD-K04497194', 'BRD-K20986251']",CC(CCC(=O)O)C1CCC2C3CCC4CC(O)CCC4(C)C3CCC12C,0.188766373
"['BRD-K18135438', 'BRD-K38159897', 'BRD-K62997315']",CC(CCC(=O)O)C1CCC2C3C(O)CC4CC(O)CCC4(C)C3CCC12C,0.05130216
"['BRD-A76019558', 'BRD-K29113274']",CC(=O)N1CCN(c2ccc(OCC3COC(Cn4ccnc4)(c4ccc(Cl)cc4Cl)O3)cc2)CC1,-0.081183001
['BRD-K92049597'],Nc1nc(N)c2nc(-c3ccccc3)c(N)nc2n1,0.758596958
"['BRD-K23369905', 'BRD-K88538023']",Clc1ccc(CO/N=C(/Cn2ccnc2)c2ccc(Cl)cc2Cl)c(Cl)c1,0.04786796
['BRD-K07208025'],COc1cc(Cc2cnc(N)nc2N)cc(OC)c1OC,0.06039823
['BRD-K39339537'],COc1cc(C)nc(-n2nc(C)cc2OC)n1,0.084104329
['BRD-A56359832'],CC(c1cc2ccccc2s1)N(O)C(N)=O,-0.004389699
['BRD-K85503079'],O=C1C2CCCCC2C(=O)N1CCCCN1CCN(c2nsc3ccccc23)CC1,0.835561735
['BRD-A22305049'],CC(Cc1cccc(C(F)(F)F)c1)NCCOC(=O)c1ccccc1,0.043895224
"['BRD-K01014769', 'BRD-K29173907']",CC(=O)OCC(=O)C1(O)CCC2C3CCC4=CC(=O)C=CC4(C)C3(F)C(O)CC21C,0.082696594
"['BRD-A13133631', 'BRD-K13027675']",CC(=O)C1(O)CCC2C3CC(C)C4=CC(=O)C=CC4(C)C3(F)C(O)CC21C,0.089154861
['BRD-K81774264'],CC1CC2C3CC(F)C4=CC(=O)C=CC4(C)C3(F)C(O)CC2(C)C1(O)C(=O)CO,0.775572384
"['BRD-A27887842', 'BRD-K70504303']",CC12C=CC(=O)C=C1CCC1C2C(O)CC2(C)C1CCC2(O)C(=O)CO,0.313156578
"['BRD-K17041687', 'BRD-K17674993']",CC(=O)OCC(=O)C1(OC(C)=O)C(C)CC2C3CC(F)C4=CC(=O)C=CC4(C)C3(F)C(O)CC21C,0.036830407
"['BRD-K46137903', 'BRD-K95391106']",CCOC(=O)OC1(C(=O)COC(=O)CC)CCC2C3CCC4=CC(=O)C=CC4(C)C3C(O)CC21C,1.367905219
['BRD-K39983086'],CCOC(=O)OC1(C(=O)OCCl)CCC2C3CCC4=CC(=O)C=CC4(C)C3C(O)CC21C,0.585665267
"['BRD-K35240538', 'BRD-K82481048']",CC1CC2C(C(O)CC3(C)C2CCC3(O)C(=O)CO)C2(C)C=CC(=O)C=C12,0.212656328
"['BRD-A63934767', 'BRD-A90131694']",CCC(=O)OCC(=O)C1(OC(=O)CC)C(C)CC2C3C(Cl)CC4=CC(=O)C=CC4(C)C3C(O)CC21C,0.354677133
['BRD-K81774264'],CC1CC2C3CC(F)C4=CC(=O)C=CC4(C)C3(F)C(O)CC2(C)C1(O)C(=O)CO,0.775572384
"['BRD-A37780065', 'BRD-K23714869', 'BRD-K77554836']",CC12C=CC(=O)C=C1CCC1C3CC(O)C(O)(C(=O)CO)C3(C)CC(O)C12F,0.118696889
"['BRD-A02180903', 'BRD-A10188456', 'BRD-A35108200', 'BRD-A69951442', 'BRD-K00835182', 'BRD-K38775274', 'BRD-K39188321']",CC1CC2C3CCC4=CC(=O)C=CC4(C)C3(F)C(O)CC2(C)C1(O)C(=O)CO,0.282836082
"['BRD-A26095496', 'BRD-A63894585', 'BRD-K10799896', 'BRD-K84443303']",CCC(=O)OC1(C(=O)CCl)C(C)CC2C3CCC4=CC(=O)C=CC4(C)C3(F)C(O)CC21C,0.233516992
"['BRD-K27218697', 'BRD-K31627533']",CCC(=O)C1(C)C(C)CC2C3CCC4=CC(=O)C=CC4(C)C3C(O)CC21C,0.189272472
"['BRD-K38003476', 'BRD-K81925854']",CC1CC2C3CC(F)C4=CC(=O)C=CC4(C)C3(Cl)C(O)CC2(C)C1C(=O)COC(=O)C(C)(C)C,0.110981007
"['BRD-K76747609', 'BRD-K97810537']",CCC(=O)OCC(=O)C1(OC(=O)CC)C(C)CC2C3CCC4=CC(=O)C=CC4(C)C3(Cl)C(O)CC21C,0.540560308
"['BRD-A92177080', 'BRD-A93424738', 'BRD-K30207000', 'BRD-K47635719']",CC(=O)OCC(=O)C1(O)C(C)CC2C3CCC4=CC(=O)C=CC4(C)C3(F)C(O)CC21C,0.11818956
"['BRD-K11469942', 'BRD-K14791739', 'BRD-K62310379']",CCC(=O)OC1(C(=O)SCF)C(C)CC2C3CC(F)C4=CC(=O)C=CC4(C)C3(F)C(O)CC21C,0.575743227
"['BRD-A62326914', 'BRD-K37991163']",Fc1ccc(C2CCNCC2COc2ccc3c(c2)OCO3)cc1,-0.277578147
['BRD-K81001086'],NC(=O)c1cc[n+](CC2=C(C(=O)O)N3C(=O)C(NC(=O)C(c4ccccc4)S(=O)(=O)O)C3SC2)cc1,0.170258535
['BRD-K81001086'],NC(=O)c1cc[n+](CC2=C(C(=O)O)N3C(=O)C(NC(=O)C(c4ccccc4)S(=O)(=O)O)C3SC2)cc1,0.170258535
"['BRD-A10303790', 'BRD-A10606614']",CC1(C)SC2C(NC(=O)C(N)c3ccccc3)C(=O)N2C1C(=O)OC1OC(=O)c2ccccc21,0.505297217
['BRD-K54790157'],Cc1cc2cc3c(C)cc(=O)oc3c(C)c2o1,0.03124433
['BRD-K76205745'],CCCCc1nc(Cl)c(CO)n1Cc1ccc(-c2ccccc2-c2nnn[nH]2)cc1,0.859130479
['BRD-K71799949'],NC(=O)N1c2ccccc2C=Cc2ccccc21,0.047080906
['BRD-K77987382'],COC(=O)Nc1nc2ccc(C(=O)c3ccccc3)cc2[nH]1,0.101327434
['BRD-K07237224'],O=C(NCCN1CCOCC1)c1ccc(Cl)cc1,0.321700544
"['BRD-A11263757', 'BRD-K03406345']",Nc1ncn(C2OC(CO)C(O)C2O)c(=O)n1,0.247114192
"['BRD-A52530684', 'BRD-A56518012', 'BRD-A76941896', 'BRD-K04548931', 'BRD-K92093830']",COc1cccc2c1C(=O)c1c(O)c3c(c(O)c1C2=O)CC(O)(C(=O)CO)CC3OC1CC(N)C(O)C(C)O1,-0.104448914
"['BRD-A52530684', 'BRD-A56518012', 'BRD-A76941896', 'BRD-K04548931', 'BRD-K92093830']",COc1cccc2c1C(=O)c1c(O)c3c(c(O)c1C2=O)CC(O)(C(=O)CO)CC3OC1CC(N)C(O)C(C)O1,-0.104448914
"['BRD-A37630846', 'BRD-A68009927', 'BRD-K43389675', 'BRD-K91966436']",COc1cccc2c1C(=O)c1c(O)c3c(c(O)c1C2=O)CC(O)(C(C)=O)CC3OC1CC(N)C(O)C(C)O1,-0.126782844
['BRD-A22380646'],COc1ccnc(C[S+](O)c2nc3cc(OC(F)F)ccc3[nH]2)c1OC,0.756581672
['BRD-A39390670'],COCCCOc1ccnc(C[S+](O)c2nc3ccccc3[nH]2)c1C,0.589175438
['BRD-A55962179'],COc1ccc2nc([S+](O)Cc3ncc(C)c(OC)c3C)[nH]c2c1,1.248735302
['BRD-A49172652'],Cc1c(OCC(F)(F)F)ccnc1C[S+](O)c1nc2ccccc2[nH]1,0.815093122
['BRD-K85090592'],CCC1C(=O)OCC1Cc1cncn1C,0.021101357
['BRD-K59597909'],c1ccc2c(c1)Nc1ccccc1S2,-0.079542093
['BRD-K35559145'],COc1ccc2c(c1)N(CC(C)CN(C)C)c1ccccc1S2,-0.120124056
['BRD-K37814297'],CC(=O)c1ccc2c(c1)N(CCCN(C)C)c1ccccc1S2,-0.052033785
['BRD-A16311756'],CCN(CC)C(C)CN1c2ccccc2Sc2ccccc21,0.456724012
"['BRD-A49225603', 'BRD-M58473998']",CC(CN(C)C)CN1c2ccccc2Sc2ccccc21,0.535485102
['BRD-K06980535'],CN(C)CCCN1c2ccccc2Sc2ccccc21,1.160981227
['BRD-K63675182'],CN(C)CCCN1c2ccccc2Sc2ccc(C(F)(F)F)cc21,-0.117670981
['BRD-A46335897'],CC(CN1c2ccccc2Sc2ccccc21)N(C)C,0.659625194
['BRD-K89997465'],CN(C)CCCN1c2ccccc2Sc2ccc(Cl)cc21,-0.131842177
['BRD-K63165456'],CNCCC=C1c2ccccc2C=Cc2ccccc21,-0.115768548
['BRD-K42348709'],CN(C)CCC=C1c2ccccc2C=Cc2ccccc21,0.633343667
"['BRD-K76810206', 'BRD-K79062806']",COC12CC(COC(=O)c3cncc(Br)c3)CN(C)C1Cc1cn(C)c3cccc2c13,-0.082132956
"['BRD-K30618791', 'BRD-K42125900', 'BRD-K63265447']",CC(=O)OC12COC1CC(O)C1(C)C(=O)C(O)C3=C(C)C(OC(=O)C(O)C(NC(=O)OC(C)(C)C)c4ccccc4)CC(O)(C(OC(=O)c4ccccc4)C21)C3(C)C,0.124096908
['BRD-K64514229'],Cc1cc(-n2c(=O)[nH]c(=O)n(C)c2=O)ccc1Oc1ccc(SC(F)(F)F)cc1,0.634362899
['BRD-A97104540'],CC(Cc1ccc(O)cc1)NCC(O)c1cc(O)cc(O)c1,0.173886943
"['BRD-K54006094', 'BRD-M00539986']",COc1ccc(CC(C)NCC(O)c2ccc(O)c(NC=O)c2)cc1,1.444869929
"['BRD-A59174698', 'BRD-K51465424']",CC(NCCc1ccc(O)cc1)C(O)c1ccc(O)cc1,0.397235113
['BRD-K64052750'],COc1cc2ncnc(Nc3ccc(F)c(Cl)c3)c2cc1OCCCN1CCOCC1,0.290103985
['BRD-A78877355'],CN1CCOC(c2ccccc2)c2ccccc2C1,0.080033186
['BRD-K22193694'],COc1ccc(C(=O)c2ccccc2O)c(O)c1,0.507017423
['BRD-K50388907'],CC(C)OC(=O)C(C)(C)Oc1ccc(C(=O)c2ccc(Cl)cc2)cc1,0.192596298
['BRD-K10852020'],Cc1ccc(C(=O)c2cc(O)c(O)c([N+](=O)[O-])c2)cc1,-0.092735017
"['BRD-A97739905', 'BRD-K43764301']",CC(C(=O)O)c1cccc(C(=O)c2ccccc2)c1,0.082853982
['BRD-K47679368'],Nc1c(CC(=O)O)cccc1C(=O)c1ccc(Br)cc1,-0.006958243
['BRD-K59037100'],COc1ccc(C(=O)c2ccccc2)c(O)c1,0.331070526
['BRD-K65716359'],O=C(c1cc(O)c(O)c(O)c1)c1ccc(O)c(O)c1O,0.909214038
['BRD-K37688416'],O=C(COc1ccc(Cl)cc1)N1CCN(Cc2ccc3c(c2)OCO3)CC1,0.490045023
['BRD-M73371355'],CN1CCc2cccc3c2C1Cc1ccc(O)c(O)c1-3,0.44813466
['BRD-K07265709'],CC(CN1CC(=O)NC(=O)C1)N1CC(=O)NC(=O)C1,0.004263358
['BRD-K69600043'],CCSc1ccc2c(c1)N(CCCN1CCN(C)CC1)c1ccccc1S2,-0.434916098
['BRD-K08619574'],CN1CCN(CCCN2c3ccccc3Sc3ccc(S(=O)(=O)N(C)C)cc32)CC1,-0.122936711
['BRD-K89732114'],CN1CCN(CCCN2c3ccccc3Sc3ccc(C(F)(F)F)cc32)CC1,-0.169684842
['BRD-K55127134'],OCCN1CCN(CCCN2c3ccccc3Sc3ccc(C(F)(F)F)cc32)CC1,-0.168884442
['BRD-K10995081'],OCCN1CCN(CCCN2c3ccccc3Sc3ccc(Cl)cc32)CC1,-0.145005526
['BRD-K19352500'],CN1CCN(CCCN2c3ccccc3Sc3ccc(Cl)cc32)CC1,-0.129897678
['BRD-K71350836'],C=CCC1(CC(C)C)C(=O)NC(=O)NC1=O,0.011505348
['BRD-A44448661'],CCCC(C)C1(CC)C(=O)NC(=O)NC1=O,-0.041987108
['BRD-A13188892'],COc1cc2nc(N3CCN(C(=O)C4COc5ccccc5O4)CC3)nc(N)c2cc1OC,0.818933444
['BRD-A45140972'],C=C1c2c(Cl)ccc(O)c2C(=O)C2C(=O)C3(O)C(=O)C(C(N)=O)C(=O)C(N(C)C)C3C(O)C12,-0.041885665
['BRD-A49035384'],C=C1c2cccc(O)c2C(=O)C2C(=O)C3(O)C(=O)C(C(N)=O)C(=O)C(N(C)C)C3C(O)C12,-0.104667342
['BRD-K33127281'],COc1ccc(-c2ccc3cc(C(=O)O)ccc3c2)cc1C12CC3CC(CC(C3)C1)C2,0.505738626
"['BRD-A64125466', 'BRD-K09129322', 'BRD-K90976994']",CC(CCC(=O)O)C1CCC2C3C(=O)CC4CC(=O)CCC4(C)C3CC(=O)C12C,0.210088601
['BRD-K93332168'],Cc1cc(C(=O)NNCc2ccccc2)no1,0.009022856
['BRD-A20119038'],CNC1(C)C2CCC(C2)C1(C)C,0.674027291
['BRD-K48617017'],CCNC1CC(C)S(=O)(=O)c2sc(S(N)(=O)=O)cc21,0.33320118
['BRD-K21806131'],CCCCC/N=C(\N)N/N=C/c1c[nH]c2ccc(OC)cc12,-0.33097675
['BRD-K97530723'],COc1ccc2[nH]cc(CCNC(C)=O)c2c1,0.158404611
['BRD-A97701745'],CC(C)NCC(O)COc1cccc2[nH]ccc12,0.134097951
['BRD-A07106394'],NC(Cc1c[nH]c2ccccc12)C(=O)O,0.200493965
['BRD-K50938287'],CNS(=O)(=O)Cc1ccc2[nH]cc(CCN(C)C)c2c1,0.071610022
['BRD-K52989797'],CN(C)CCCN1c2ccccc2CCc2ccc(Cl)cc21,-0.168934467
['BRD-A19195498'],CC(CN(C)C)CN1c2ccccc2CCc2ccccc21,0.47740643
['BRD-K60762818'],CNCCCN1c2ccccc2CCc2ccccc21,-0.12341214
['BRD-K38436528'],CN(C)CCCN1c2ccccc2CCc2ccccc21,0.654565362
['BRD-A79672927'],CCN(Cc1ccncc1)C(=O)C(CO)c1ccccc1,0.114159292
['BRD-K49404994'],CCC(C(N)=O)N1CCCC1=O,0.008913092
['BRD-K19456237'],NC(=O)CN1CCCC1=O,-0.004356653
['BRD-K21733600'],CS(=O)(=O)c1ccc(C2=C(c3ccccc3)C(=O)OC2)cc1,0.263640978
['BRD-K68553471'],CCOC(=O)NNc1nncc2ccccc12,-0.005099128
['BRD-K97158071'],O=C(CCCN1CC=C(n2c(=O)[nH]c3ccccc32)CC1)c1ccc(F)cc1,0.614427477
['BRD-K16277217'],CC(=O)c1ccc2c(c1)N(CCCN1CCC(CCO)CC1)c1ccccc1S2,-0.404988014
['BRD-A59303141'],CCC1NC(=O)c2cc(S(N)(=O)=O)c(Cl)cc2N1,0.177420247
['BRD-K54529596'],CC(CS)C(=O)N1CCCC1C(=O)O,0.022633246
['BRD-K74820615'],Cc1ccsc1C=CC1=NCCCN1C,0.007992805
['BRD-K63072637'],CN1CCCN=C1C=Cc1cccs1,0.179590708
['BRD-A34751532'],CC1CC(OC(=O)c2ccccc2O)CC(C)(C)C1,0.977235847
['BRD-K02637541'],Cc1ccc(-c2cc(C(F)(F)F)nn2-c2ccc(S(N)(=O)=O)cc2)cc1,-0.337213755
['BRD-K25394294'],O=C(O)CCc1nc(-c2ccccc2)c(-c2ccccc2)o1,0.242642449
['BRD-A87848830'],CCNC(=O)CCC/C=C\CC1C(O)CC(O)C1/C=C/C(O)CCc1ccccc1,0.096630324
['BRD-A48180038'],OC(CCN1CCCCC1)(c1ccccc1)C1CCCCC1,0.422381185
"['BRD-A87606379', 'BRD-A97454584']",CC(C)(C)NCC(O)COc1cccc2c1CC(O)C(O)C2,0.240169174
['BRD-K42596464'],CCN(CC)CCc1nc(-c2ccccc2)no1,0.873654085
['BRD-K29653726'],CC1(C)OC2COC3(COS(N)(=O)=O)OC(C)(C)OC3C2O1,0.207514291
['BRD-K32164935'],Cc1ccc(S(=O)(=O)NC(=O)NN2CCCCCC2)cc1,0.013103798
"['BRD-A73741725', 'BRD-K33425534', 'BRD-K93923542']",C=C1CC2C(CCC3(C)C(=O)CCC23)C2(C)C=CC(=O)C=C12,1.096532563
"['BRD-A04706586', 'BRD-A15931911', 'BRD-A94624445', 'BRD-A95074085']",CCCC(=O)Nc1ncnc2c1ncn2C1OC2COP(=O)(O)OC2C1OC(=O)CCC,0.256272458
['BRD-K13296708'],Cc1c(C(=O)NN2CCCCC2)nn(-c2ccc(Cl)cc2Cl)c1-c1ccc(Cl)cc1,0.000816769
['BRD-K67977190'],CCCCc1ncc(/C=C(\Cc2cccs2)C(=O)O)n1Cc1ccc(C(=O)O)cc1,0.048503853
['BRD-K14312455'],CC1(Cn2ccnn2)C(C(=O)O)N2C(=O)CC2S1(=O)=O,0.01650499
['BRD-A91008255'],CC(C)COCC(CN(Cc1ccccc1)c1ccccc1)N1CCCC1,-0.105223377
['BRD-K68507560'],CCN(CC)CCOC(=O)C1(C2CCCCC2)CCCCC1,0.033144332
"['BRD-A16746338', 'BRD-K47869605', 'BRD-K60507178']",COc1cc(C2c3cc4c(cc3C(O)C3COC(=O)C23)OCO4)cc(OC)c1OC,0.042081501
['BRD-K37516142'],COC1=C(OC)C(=O)C(CCCCCCCCCCO)=C(C)C1=O,-0.108000902
['BRD-K31682896'],Cc1nnc(NS(=O)(=O)c2ccc(N)cc2)s1,0.011987018
['BRD-K47936004'],c1cnc(N2CCN(Cc3ccc4c(c3)OCO4)CC2)nc1,0.375995279
"['BRD-A20243730', 'BRD-A92537424', 'BRD-K21401044', 'BRD-K48970916']",C#CC1(O)CCC2C3CCC4=Cc5oncc5CC4(C)C3CCC21C,0.273830878
['BRD-K39120595'],Oc1c(Cl)cc(Cl)cc1Sc1cc(Cl)cc(Cl)c1O,-0.174162451
['BRD-A23689620'],CCC(C)C1OC2(C=CC1C)CC1CC(CC=C(C)C(OC3CC(OC)C(OC4CC(OC)C(O)C(C)O4)C(C)O3)C(C)C=CC=C3COC4C(O)C(C)=CC(C(=O)O1)C34O)O2,-0.12783167
"['BRD-A02006392', 'BRD-A12560204']",CCOC(=O)C1=C(C)NC(C)=C(C(=O)OC)C1c1cccc([N+](=O)[O-])c1,0.509840704
"['BRD-A22032524', 'BRD-A64297288']",CCOC(=O)C1=C(COCCN)NC(C)=C(C(=O)OC)C1c1ccccc1Cl,-0.108043175
"['BRD-A84465106', 'BRD-A96107863']",COC(=O)C1=C(C)NC(C)=C(C(=O)OCC(C)C)C1c1ccccc1[N+](=O)[O-],0.119931607
['BRD-A30815329'],CCOC(=O)C1=C(C)NC(C)=C(C(=O)OC)C1c1cccc(Cl)c1Cl,0.26497527
['BRD-K61250553'],CN(C)C(=O)C(CCN1CCC(O)(c2ccc(Cl)cc2)CC1)(c1ccccc1)c1ccccc1,-0.095794604
['BRD-K89375097'],CN1CCN(CC(=O)N2c3ccccc3C(=O)Nc3cccnc32)CC1,0.116124006
['BRD-A31800922'],OC(CCN1CCCC1)(c1ccccc1)C1CCCCC1,0.787795338
['BRD-A68888262'],CN1CCCC(n2nc(Cc3ccc(Cl)cc3)c3ccccc3c2=O)CC1,-0.122049344
['BRD-K73323637'],CC(C)(C)NCC(O)COc1cccc2c1CCCC2=O,0.813056889
['BRD-K73323637'],CC(C)(C)NCC(O)COc1cccc2c1CCCC2=O,0.813056889
['BRD-A39903068'],CNC1C(O)C(OC2C(N)CC(N)C(OC3OC(CN)=CCC3N)C2O)OCC1(C)O,0.034421792
"['BRD-K28346421', 'BRD-K55889443']",COC1/C=C/OC2(C)Oc3c(C)c(O)c4c(O)c(c(/C=N/N5CCN(C6CCCC6)CC5)c(O)c4c3C2=O)NC(=O)/C(C)=C\C=C\C(C)C(O)C(C)C(O)C(C)C(OC(C)=O)C1C,0.704954415
['BRD-K78113049'],CCn1cc(C(=O)O)c(=O)c2cc(F)c(N3CCNCC3)nc21,1.18243088
['BRD-A43082555'],CC(C(=O)O)c1ccc(CC2CCCC2=O)cc1,0.345095778
['BRD-K63242551'],CC1=C(C(=O)O)N2C(=O)C(NC(=O)C(N)c3ccc(O)cc3)C2SC1,0.02714642
['BRD-K20338176'],NC(C(=O)NC1C(=O)N2C(C(=O)O)=C(Cl)CSC12)c1ccccc1,0.042289146
['BRD-K90733503'],CC1=C(C(=O)O)N2C(=O)C(NC(=O)C(N)c3ccccc3)C2SC1,-0.04836953
['BRD-K08525451'],O=C(O)c1cn(-c2ccc(F)cc2)c2cc(N3CCNCC3)c(F)cc2c1=O,0.799548221
['BRD-K92490248'],COc1ccc(-c2cc(=S)ss2)cc1,1.029001047
['BRD-A20348246'],CN1C(=O)CCS(=O)(=O)C1c1ccc(Cl)cc1,0.068813342
['BRD-K52256627'],N=C(NCCCCCCNC(=N)NC(=N)Nc1ccc(Cl)cc1)NC(=N)Nc1ccc(Cl)cc1,-0.077422043
['BRD-A19952358'],Cc1cc(C(C#N)c2ccc(Cl)cc2)c(Cl)cc1NC(=O)c1cc(I)cc(I)c1O,-0.043069314
"['BRD-K04412738', 'BRD-K51033547']",COc1cccc(C2(O)CCCCC2CN(C)C)c1,-0.004515319
['BRD-K88429204'],CCc1nc(N)nc(N)c1-c1ccc(Cl)cc1,0.742126462
['BRD-A98175426'],CC(=O)OC1C(OC=C(C)C(=O)O)C(C)(C)CC2C3=CCC4C5(C)CCC(OC6OC(C(=O)O)C(OC7OC(CO)C(O)C(O)C7O)C(O)C6OC6OC(CO)C(O)C(O)C6O)C(C)(CO)C5CCC4(C)C3(C)CC(O)C21CO,-0.154379231
['BRD-K30097969'],O=C(O)CC(O)CC(O)/C=C/c1c(C2CC2)nc2ccccc2c1-c1ccc(F)cc1.O=C(O)CC(O)CC(O)/C=C/c1c(C2CC2)nc2ccccc2c1-c1ccc(F)cc1.[Ca+2],-0.036812885
['BRD-K63736853'],Cc1cnc(C(=O)O)c[n+]1[O-],-0.012069349
['BRD-K45770447'],CC1CCC2C(C)C(=O)OC3OC4(C)CCC1C32OO4,0.096548515
['BRD-K44133266'],CC1(C)C(C(=O)O)N2C(=O)CC2S1(=O)=O,0.422429859
['BRD-K14177560'],C#CC1(OC(C)=O)CCC2C3CCC4=CC(OC(C)=O)CCC4C3CCC21C,0.473288621
['BRD-K79224779'],C#CC1(O)CCC2C3CCC4=CCCCC4C3CCC21C,-0.121161059
['BRD-A02990301'],CC(Oc1c(Cl)cccc1Cl)C1=NCCN1,0.038177819
['BRD-K58662656'],CON=C(C(=O)NC1C(=O)N2C(C(=O)O)=C(C[N+]3(C)CCCC3)CSC12)c1csc(N)n1,0.306481652
['BRD-A97479839'],CCN1CCCC(OC(=O)C(c2ccccc2)c2ccccc2)C1,0.986806196
['BRD-K95773607'],NC(=O)C(c1ccccc1)(c1ccccc1)C1CCN(CCc2ccc3c(c2)CCO3)C1,0.631690136
['BRD-A93964801'],NC1CCN(c2c(F)cc3c(=O)c(C(=O)O)cn(C4CC4)c3c2Cl)C1,0.178236398
['BRD-K40831222'],COC1(NC(=O)C(C(=O)O)c2ccc(O)cc2)C(=O)N2C(C(=O)O)=C(CSc3nnnn3C)COC21,0.582077782
['BRD-K94173644'],CN(C)CC=C(c1ccc(Br)cc1)c1cccnc1,0.807396133
['BRD-A72441487'],CC(C)(C)C(O)/C=C/c1ccc2c(c1)OCO2,0.190734175
['BRD-K86307448'],O=c1[nH]cnc2[nH]ncc12,0.250329938
['BRD-K86307448'],O=c1[nH]cnc2[nH]ncc12,0.250329938
['BRD-K62363391'],Nc1ccc(S(=O)(=O)c2ccc(N)cc2)cc1,-0.009603879
['BRD-A65797496'],CN1C2CCC1CC(OC1c3ccccc3CCc3ccccc31)C2,-0.3511397
['BRD-A41250306'],NS(=O)(=O)c1cc2c(cc1Cl)NC(CC1CCCC1)NS2(=O)=O,0.341684089
"['BRD-K43736954', 'BRD-K80110068']",CC12CCC(=O)C=C1CCC1C2C(=O)CC2(C)C1CCC2(O)C(=O)CO,0.166983492
['BRD-K79092138'],NC(=O)N/N=C/c1ccc([N+](=O)[O-])o1,0.935919127
"['BRD-K14204120', 'BRD-K30816563', 'BRD-K70505054']",CN/C(=C/[N+](=O)[O-])NCCSCc1ccc(CN(C)C)o1,0.093086283
['BRD-A61486721'],CNC1C(OC2OC(CO)C(N)C(O)C2O)OC2CC(N)C(OC3C(N)CC(N)C(O)C3O)OC2C1O,0.579939245
