Sequence,Amidation,Actual,No_C_1,No_C_3,No_C_10,With_C_1,With_C_3,With_C_10,All
u'AGWGSIFKHIFKAGKFIHGAIQAHND____________________',False,0.9007656456097296,0.90403193,1.434239,0.9565598,1.1196115,1.1497824,0.9806846,1.0908182,
u'AIVVGGVMLGIIAGKNSGVDEAFFVLKQHHVEYGSDHRFEAD____',False,1.0444047839872905,3.4308057,4,4,2.8187675,4,4,4,
u'AKIPIKAIKTVGKAVGKGLRAINIASTANDVFNFLKPKKRKH____',False,-0.5086383061657274,0.38287273,0.5831808,0.67840636,0.45036143,0.5213558,0.42203802,0.5063692,
u'ALWHHLLHHLLHSAHHLG____________________________',False,0.5740312677277188,1.7017243,1.6155736,1.7919347,1.5279415,1.2527022,1.8323152,1.6203653,
u'AWLDKLKSLGKVVGKVALGVAQNYLNPQQ_________________',False,0.6989700043360189,1.2289121,1.2300233,1.439887,1.3482302,1.2821405,0.9244299,1.2422704,
u'DANVENGEDAEDLTDKFIGLMG________________________',False,1.9293210337427165,4,4,4,4,4,4,4,
u'ENMFNIKSSVESDSFWG_____________________________',False,2.0049989872100866,4,4,4,4,4,4,4,
u'FFGSLLSLGSKLLPSVFKLFQRKKE_____________________',False,0.6266618102947595,1.3731254,1.4125065,1.5874538,1.3997885,1.2481314,1.5054618,1.4210778,
u'FHEAIAPVVHAAVKALVGFLG_________________________',False,1.6682626530074964,2.1191678,2.3927689,2.20951,2.2210822,2.072493,2.0919044,2.1844876,
u'FIKWKFRWWKWRK_________________________________',False,0.17609125905568124,0.6128143,0.7286317,0.8058661,0.8311345,0.73030835,0.89982635,0.7680968,
u'FINKAGKLQSQLRTTVVAAAAFLDAFQKVA________________',False,1.6020599913279623,1.1188463,2.016025,2.7487128,1.4171766,1.8462951,1.6968963,1.8073252,
u'FKKALHLFKPIKKFLKWK____________________________',False,0.7958800173440752,1.1393276,1.0522932,0.8885835,1.1116251,0.8412536,0.86386526,0.9828246,
u'FKQFHFKDFNRAFGFMTRVALQAEKL____________________',False,1.6020599913279623,4,4,4,4,4,4,4,
u'FLGAIAAALPHVINAVTNAL__________________________',False,2.3010299956639813,1.3933328,1.5558566,1.6825117,1.7008629,1.5225519,1.7434298,1.5997578,
u'FLIIRRPIVLGLL_________________________________',False,1.3553286953236248,1.405805,1.4274966,1.5950785,1.3314949,1.2576259,1.4030962,1.4034327,
u'FLPAALAGIGGILGKLF_____________________________',False,1.1387640052029924,1.6652896,1.6273518,1.4042618,1.7038262,1.3832194,1.5516598,1.5559348,
u'FRIRVRVKWKLFKKI_______________________________',False,0.3010299956639812,0.6951176,0.6855489,0.7049116,0.5970444,0.5195703,0.77318585,0.66256315,
u'FVDLKKIANIINSIFGK_____________________________',False,2.0,1.7250532,1.7207854,1.7649992,1.7744194,1.5793197,1.586865,1.6919068,
u'FWGFLGKLAMKAVPSLIGGNKSSSK_____________________',False,1.380211241711606,1.3063599,1.5111482,1.4624357,1.5099577,1.4302427,1.3480451,1.4280317,
u'GANAAKKFATIAKKFINYLW__________________________',False,0.8508467487843998,1.2026281,1.2528565,1.0378349,1.4433839,0.9031526,1.0464747,1.1477218,
u'GFGKAFHSVSNFAKKHKTA___________________________',False,2.0,1.6448771,2.2763705,1.9023365,2.3935812,1.915357,1.8376904,1.9950354,
u'GFRDVLKGAAKAFVKTVAGHIANI______________________',False,0.7781512503836436,0.47553658,0.4616557,0.46190915,0.59369504,0.57088804,0.670527,0.53903526,
u'GFWGKLWEGVKNAIKKK_____________________________',False,0.6020599913279624,0.7058612,0.7850605,1.0354862,1.0490903,0.816306,0.73836195,0.8550276,
u'GIGGKPVQTAFVDNDGIYD___________________________',False,0.35319631483999125,4,4,4,4,4,4,4,
u'GLADFLNKAVGKVVDFVKS___________________________',False,2.0,1.6390798,1.78692,1.7578144,1.8135935,1.6393738,1.7837416,1.736754,
u'GLFTLIKGAAKLIGKTVPKKQARLGMNLWLVKLPTNVKT_______',False,0.04182363468414519,0.93699396,0.39909935,0.79524237,0.62717,0.44149905,0.65938073,0.64323086,
u'GLHKVMREVLGYERNSYKKFFLR_______________________',False,1.0190330187724352,1.8071496,1.7335106,2.6808748,1.3703912,2.7425385,3.0289047,2.2272284,
u'GLLDFVTGVGKDIFAQLIKQI_________________________',False,1.806179973983887,2.2737126,2.6788979,2.8840988,2.077128,2.6718836,2.593799,2.52992,
u'GLLGGLLGPLLGGGGGGGGGLL________________________',False,1.6989700043360187,1.403213,1.4850819,1.2658818,1.2435801,0.9201393,1.2747802,1.265446,
u'GLMSVLGHAVGNVLGGLFKPKS________________________',False,1.3601950386597101,1.379762,1.3722117,1.4396137,1.3080399,1.3462614,1.5571344,1.4005038,
u'GMWSKIKETAMAAAKEAAKAAGKTISDMIKQ_______________',False,1.2922560713564761,0.9623461,1.2263947,1.6308628,1.2207674,1.3055564,1.3384682,1.2807328,
u'GNGNLLGGLLRPVLGVVKGLTGGLGKK___________________',False,1.3828989478060958,0.985497,1.1327854,1.1796571,1.1087685,1.1359823,1.1097574,1.1087413,
u'GRRGPRRANQNGTRRRRRRT__________________________',False,1.3979400086720377,1.619413,1.8583387,2.4546142,1.620293,1.4422998,1.9847085,1.8299445,
u'GVFGLLAKAALKGASKLIPHLLPSRQQ___________________',False,0.0,1.1194537,0.98530596,1.2663898,0.9999279,1.0707262,1.2343843,1.112698,
u'GVIKSVLKGVAKTVALGML___________________________',False,1.0880456295278407,1.3805741,1.384743,1.3304609,1.3685039,1.4594319,1.4584172,1.3970219,
u'GVVPVVSVVGKVV_________________________________',False,2.0,1.9409926,1.9544628,2.07266,2.0540752,1.8859627,1.9557056,1.9773097,
u'GWGSIFKHGRHAAKHIGHAAVNHYL_____________________',False,0.17379503969188115,0.99187195,1.4447266,1.641474,1.2168709,1.1552942,2.1800218,1.4383767,
u'GWLPTFGKILRKAMQLGPKLIQPI______________________',False,0.1505149978316738,1.0914588,1.1355839,1.274211,1.1122872,0.8618542,1.1696237,1.1075032,
u'GYFPGRPPFPRPFPRPPSRPFPRPPFPGPFPRPYPWR_________',False,1.0969100130080565,0.5602374,0.116886616,0.28553504,0.6149893,0.33978948,0.30410975,0.3702579,
u'GYGGHGGHGGHGGHGGHGGHGHGGGGHG__________________',False,0.024609076840704208,0.5055587,0.3856371,0.51256514,0.6203879,0.3901278,0.678679,0.5154926,
u'GYKYINNIIKYINKFFKYIW__________________________',False,0.784312563628271,1.18864,1.3175337,1.2902954,1.9543009,1.0002563,1.7220466,1.4121788,
u'HSDAVFTDNYTRLRKQMAVKKYLNSILN__________________',False,0.19397906589807218,3.0821648,4,4,4,4,4,4,
u'HVDKKVADKVLLLKQLRIMRLLTRL_____________________',False,0.6020599913279624,1.0712384,1.280921,0.95931274,1.1035937,1.1781523,1.1290575,1.1203793,
u'IKWKAILDAVKKVI________________________________',False,0.692223258975494,1.3645093,1.1005136,1.0451672,1.2776443,1.0894468,0.9813355,1.1431026,
u'ILGAVWNGVKSLF_________________________________',False,1.852736064866069,1.450833,1.5979269,1.543576,1.7653967,1.4794251,1.5138302,1.558498,
u'ILGKVWEGVKSLF_________________________________',False,1.8309806455495772,1.5240872,1.5855749,1.5911181,1.80264,1.6088877,1.5756773,1.6146641,
u'ILPIIGKILSTIFGK_______________________________',False,1.6989700043360187,1.454098,1.6109295,1.7297447,1.548679,1.6569983,1.5899441,1.5983993,
u'INLLKIAKGIIKSL________________________________',False,1.3190964661786768,1.3971674,1.7526258,1.2796997,1.5405945,1.6623837,1.5855224,1.5363322,
u'INWKKMAATALKMI________________________________',False,0.34141755980593425,1.8088052,1.5647571,2.1597424,1.4791156,1.2573472,1.6310018,1.6501281,
u'INWLKAKKVAGMIL________________________________',False,1.1052883775979494,1.7853272,1.7960345,1.6893303,1.6851543,1.2071313,1.6067028,1.62828,
u'IPPFIKKVLTTVF_________________________________',False,1.3979400086720377,1.7353661,1.9081736,2.8292007,1.7577679,2.6873128,2.2287,2.1910872,
u'IPWGKVKDFLVGGMKAV_____________________________',False,1.6901960800285136,1.9744327,2.3162625,4,2.0858905,1.9294636,2.8570411,2.4368727,
u'IRVKIRVKIRVK__________________________________',False,1.0147361879298193,0.95292294,1.1139164,0.6639532,1.0643355,1.0621433,0.6913697,0.92477345,
u'ITIPPIIKDTLKKFFKGGIAGVMGKSQ___________________',False,1.9030899869919435,1.5209494,1.4895,1.387622,1.637565,1.3887525,1.2827865,1.451196,
u'ITIPPIVKNTLKKFIKGAVSALMS______________________',False,1.6020599913279623,1.46089,1.400919,1.5923569,1.4979699,1.2202709,1.4158251,1.4313719,
u'IWRIFRRIFRIFIRF_______________________________',False,1.2041199826559248,0.8260557,0.753159,0.7701672,0.52084684,0.73472536,0.7144072,0.7198936,
u'KIKIPWGKVKDFLVGGMKAV__________________________',False,1.3873898263387294,1.5530368,1.5477219,2.6413872,1.6544993,1.5050004,1.9295328,1.8051962,
u'KIKWILKYWKWS__________________________________',False,0.9030899869919434,0.8813938,1.0545994,0.988229,0.9061247,1.163434,1.4319363,1.0709529,
u'KKKIIIIIIKKK__________________________________',False,0.9030899869919435,0.9141356,1.1712612,1.1267858,1.0339903,1.2242162,1.0822909,1.0921133,
u'KKKVVVVVKKK___________________________________',False,1.806179973983887,1.509159,1.5500226,1.5026953,1.6588093,1.6120952,1.3771157,1.5349828,
u'KKLIKVFAKGFKKAKKLFKGIG________________________',False,0.20793091145336898,0.36702707,0.6542887,0.38724223,0.8139349,0.51669383,0.49541807,0.53910077,
u'KLLLKLKLKLLKGWKRKRFG__________________________',False,2.0,0.95479596,1.0893927,0.72506344,1.0823193,0.99711704,0.7379178,0.931101,
u'KPPQFTWAQWFETQHINMTSQQSTNAMQVINNYQRRSKNQNTFLL_',False,1.0,4,4,4,4,4,4,4,
u'KRFWQLVPLAIKIYRAWKRR__________________________',False,0.3010299956639812,1.1326205,1.8083538,1.2634538,1.009753,1.0886157,1.6737229,1.32942,
u'KVALGVAQNYLNPQQ_______________________________',False,2.1931245983544616,4,4,4,4,4,4,4,
u'KWKARKNFIKGSSLGWLIQLFRKR______________________',False,0.9332866679832975,0.8595179,1.1851263,1.249889,0.8219303,0.73708284,0.91237193,0.9609864,
u'KWKSFIKKLTSAAKKVVTTAKPLALIS___________________',False,-0.1700600003933553,-0.08461348,-0.05818094,-0.072528765,-0.07485328,0.0080617545,0.0054539563,-0.046110127,
u'LAAKLTKAATKLTAALTKLAAALT______________________',False,0.8784945822716373,0.58371145,0.892769,0.88522804,1.0645418,0.64804256,1.1280241,0.86705285,
u'LFGFLIKLIPSLFGALSNIGRNRNQ_____________________',False,1.2534779226619166,0.7904333,1.0319529,0.8521981,1.1820236,0.7705367,1.4218856,1.0081717,
u'LGALFRVASKVFPAVISMVK__________________________',False,2.079118657865573,1.9422247,1.8573004,1.814135,2.0924885,1.8723891,1.7680162,1.8910924,
u'LGAWLAGKVAGTVATYAWNRYV________________________',False,1.3979400086720377,1.6423638,1.7292763,2.8464043,1.3010511,1.8287245,2.4025683,1.958398,
u'LIKHILHRLGGGFHFHLHF___________________________',False,2.0400640811432305,1.6565323,1.5467927,1.6143335,1.5594053,1.4877242,1.3459017,1.5351149,
u'LRPHPPRPQPIYVPRNNG____________________________',False,1.7729553576045485,1.6860764,2.3844473,3.0636559,1.6739948,1.6167135,1.8704163,2.0492172,
u'MLTAEEKAAVTAFWGKVKVDEVGGEALGRL________________',False,1.6532125137753437,0.57107323,1.0655178,1.9202766,0.73366165,0.8679799,2.2747977,1.2388844,
u'NSQIRPLPDKGLDLSIRDASIKIRGKWKARKNFIK___________',False,1.799312587387463,2.6794262,4,4,1.9486511,2.1379504,2.4857879,2.772256,
u'PFWRRRIRIRR___________________________________',False,1.5850418472136025,0.8397708,0.90880394,0.7722238,0.7028493,0.5293823,0.69840896,0.74190646,
u'PRLKVYLPRYKVYSTAAGRYQLLSRYWDAYR_______________',False,2.1760912590556813,1.8073428,1.8741592,2.3002737,1.6822166,1.8631086,1.7180239,1.8741875,
u'QLKVDLWGTRSGIQPEQHSSGKSDVRRWRSRY______________',False,1.9030899869919435,1.3778164,1.6122087,2.2029083,1.1944106,1.1284504,1.4294047,1.4908665,
u'RFIYMKGFGKPRFGKR______________________________',False,1.6754129661344674,2.4929647,2.200761,4,1.9122308,1.8217909,4,2.5097158,
u'RIVFAVLSIVNRVRQ_______________________________',False,0.18815748451543404,1.999295,2.7379498,2.7648628,1.9443789,1.904918,3.0409484,2.398725,
u'RLLRRLLRRLLRRLLRRLLR__________________________',False,0.4698886589649921,1.020743,0.94694793,0.7403723,1.1049799,1.0582743,0.8477856,0.9531839,
u'RLYRRLYRRLYRRLYR______________________________',False,-0.1549019599857432,0.7149073,1.1533034,0.8374974,0.9476327,0.725809,0.6282265,0.83456266,
u'RRRVVVVVRRR___________________________________',False,1.505149978319906,0.8198153,0.72205675,0.7048676,0.772024,0.6622533,0.72587967,0.73448277,
u'RRRYIGRYVRFWK_________________________________',False,0.3222192947339193,1.2975767,1.9700139,2.2321935,1.1058038,1.6570702,1.4198859,1.6137573,
u'SLFGTFAKMALKGASKLIPHLLPSRQQ___________________',False,0.4643331241081096,1.2174618,1.3310776,1.3591558,1.1141021,1.1287801,1.3594939,1.2516785,
u'SLGTPDHYHGGRHSISRGSQSTGPTHPGYNRRNAR___________',False,1.7195338710186123,3.1323175,4,4,1.8707291,4,4,4,
u'SVKVAKSVIPSAVFAGGKVF__________________________',False,2.1090867402088267,1.7245376,1.8640941,1.8088032,1.8899021,1.8757747,1.8565632,1.8366127,
u'SWIKKDKFPSSTGPYNPNPPPPRF______________________',False,2.0,1.4096056,1.7827145,2.4280882,1.2963474,1.7756163,1.547321,1.7066153,
u'TKPTLLGLPLGAGPAAGPGKR_________________________',False,1.1740611058728954,1.8960043,2.176121,2.0149379,1.8864949,2.0344076,1.8916117,1.9832629,
u'VKGSWSKKFEVIA_________________________________',False,1.2159266801353203,2.7130368,2.9162345,4,1.9351089,3.3884838,4,3.1145701,
u'VRIHISGSSLGWLIQLFRKRIESLLQKS__________________',False,1.693556948075005,1.4843528,1.4601393,2.174538,1.2182276,1.1355753,1.3675901,1.4734039,
u'WWRELLKKLAFTAAGHLGSVLAAKQSGW__________________',False,1.2040331602335657,0.77425015,0.80062056,1.461099,0.7954713,0.96110743,0.99185246,0.96406674,
u'YSKSLPLSVLNP__________________________________',False,0.7820350418275013,2.8144727,4,4,2.812114,4,4,4,
u'YVLAKRKRAIFI__________________________________',False,2.3010299956639813,1.8578737,2.2026982,2.8904996,1.8173819,2.5638556,2.9376192,2.3783214,
u'YVLFKRKRFIFI__________________________________',False,1.6989700043360187,2.1380734,2.284045,2.573574,1.8594881,1.7975485,2.9185874,2.2618861,
u'YVPLPNVPQPGRRPFPTFPGQGPFNPKIKWPQGY____________',False,0.5484563318535587,1.5376676,2.834551,2.3006852,1.679158,1.3924131,2.4994817,2.0406594,
u'NVGTGEALLEISGHPDQIWSINFNFD____________________',False,4,4,4,4,4,4,4,4,
u'VWAQAARRKLADQYPHLHNAELSKTLGKLWRLLNEGEKRPFV____',False,4,1.2792032,1.7919031,4,1.269027,2.9277844,2.812863,2.246363,
u'EAEPVAAAEPEVPENNGNNSWPHNDTEIANSTPNPKPAASSP____',False,4,2.6433418,4,4,3.256906,4,4,4,
u'KEKALELLKRSTGTTGKE____________________________',False,4,1.4935538,2.405104,4,2.0023458,1.8689353,4,2.43173,
u'HPPTSGAGAAGGAEADLKALTHSVLKKLK_________________',False,4,1.5431818,2.185296,1.7474302,1.6360909,1.6487744,2.037997,1.799795,
u'SEMEDASEGAKKSDLPDAPDMI________________________',False,4,4,4,4,4,4,4,4,
u'PRFESQPQSQEVTEGQT_____________________________',False,4,4,4,4,4,4,4,4,
u'RLWEQYESDKEAYLEELKQELDLDP_____________________',False,4,4,4,4,4,4,4,4,
u'FKEDLTQYTTVEVVGTDEDRA_________________________',False,4,4,4,4,4,4,4,4,
u'DWSQTRGEQLVVS_________________________________',False,4,4,4,4,4,4,4,4,
u'KLEAAEERRKSQEAQVLKQLAEKREHEREV________________',False,4,4,4,4,2.1156533,4,4,4,
u'LSDKYQEYITDSEREAFL____________________________',False,4,4,4,4,4,4,4,4,
u'YGWNEHGNASNDDKRDVYDAKTLQLP____________________',False,4,4,4,4,4,4,4,4,
u'AQMTEIVLAAAPPQAWWLGW__________________________',False,4,4,4,4,4,4,4,4,
u'LSMADYMGHLYVR_________________________________',False,4,4,4,4,4,4,4,4,
u'STTLQYELHKIGSNIKA_____________________________',False,4,4,4,4,4,4,4,4,
u'LESFIASSEESEVGN_______________________________',False,4,4,4,4,4,3.8482213,4,4,
u'DQGPMPGTSLVTFPPIP_____________________________',False,4,4,4,4,4,4,4,4,
u'LAWIENRLHDQNVFPTKAGLPFPSN_____________________',False,4,4,4,4,4,4,4,4,
u'PNAYMQPQVPVQMGTPLQQQ__________________________',False,4,4,4,4,4,4,4,4,
u'LRKHTSPIKSIGKVGESRK___________________________',False,4,1.711992,1.590245,2.092493,1.7340386,1.5301949,1.8781211,1.7561806,
u'SDGFPLPKDFDRTSIFEKKIHKEL______________________',False,4,4,4,4,4,4,4,4,
u'RDGKVILAPADPSDEAQ_____________________________',False,4,4,4,4,4,4,4,4,
u'DGVLPLYHMDVYRMEDESE___________________________',False,4,4,4,4,4,4,4,4,
u'QLSFLTWVEDDTFLAISYS___________________________',False,4,4,4,4,4,4,4,4,
u'LPLESGNEESVSRVLSYIDDATQWYEDQEPKDPDRFEAD_______',False,4,4,4,4,4,4,4,4,
u'EGEGTESTVITGVDIVMNHHLQE_______________________',False,4,4,4,4,4,4,4,4,
u'SKAVSPEGEKEEKHVPDSLLQ_________________________',False,4,2.6863031,4,4,4,4,4,4,
u'FLPFGIPLPFRSPSPLVSLQAV________________________',False,4,1.804393,1.8347807,2.4536817,2.0847855,1.7476399,1.94997,1.9792085,
u'SSSNNNNNNNNNNNNSSSTNNN________________________',False,4,4,4,4,4,4,4,4,
u'LLYNAFIPFGEIISVALHRKEKAVDRSYAFV_______________',False,4,4,4,4,3.091844,4,4,4,
u'EVKKAGERHKLAKERREERAKYLAAKK___________________',False,4,1.2533395,1.5447856,1.3370543,1.2120265,1.3031381,1.9908412,1.4401976,
u'DSEIQKLDQIGEDELELLKE__________________________',False,4,4,4,4,4,4,4,4,
u'PTSRKSIESRESGSRRSPEGKSEKSEK___________________',False,4,2.8803232,4,4,1.7481401,2.936538,4,4,
u'SDDFYSLLSKILQVNPKNR___________________________',False,4,2.2699802,4,4,2.5166535,3.434782,4,3.1886902,
u'GKLQDAIRELEEE_________________________________',False,4,2.4021585,4,4,3.2238483,4,4,4,
u'ASLNKGRWRHKMAVLLGKVYVVGGY_____________________',False,4,1.3331162,1.6504278,2.12858,1.2174313,1.3495606,1.6912276,1.5617241,
u'VPTTPESQNNLPSVSHSEGSYGIP______________________',False,4,4,4,4,4,4,4,4,
u'EEFRKKKWDELQSRLAEARGSIHHIELVAKARIELYQ_________',False,4,1.7620137,4,4,1.7464529,2.4203076,4,2.88086,
u'EIQAFIRSRTSYDVLPTSFRLIVFDVTL__________________',False,4,4,4,4,4,4,4,4,
u'STAIISYGTTGLVTWDAALY__________________________',False,4,4,4,4,4,4,4,4,
u'AHLGIVYTRLGDDVLEAEMPVDTRTHQP__________________',False,4,4,4,4,4,4,4,4,
u'TQRVGTVVEKHFQGTSITFSMQDGP_____________________',False,4,4,4,4,4,4,4,4,
u'PYEVRDGPSDRVVA________________________________',False,4,4,4,4,4,4,4,4,
u'NPYATHGSVYAAA_________________________________',False,4,4,4,4,4,4,4,4,
u'VAGLRTSLLSADG_________________________________',False,4,3.0730138,4,4,3.523291,4,4,4,
u'SSRRLQAKRLKDVEW_______________________________',False,4,2.8068705,4,4,3.0982096,4,4,4,
u'TTDANGKTIVTGGN________________________________',False,4,3.3469558,4,4,4,4,4,4,
u'ITYMSPAKIGEEIV________________________________',False,4,4,4,4,4,4,4,4,
u'PNGSLIGLSDIYKV________________________________',False,4,3.1166267,4,4,2.2672951,4,4,4,
u'QRQKEIRNKIHVS_________________________________',False,4,4,4,4,2.6443346,4,4,4,
u'KMHADGDKSLPQTERIY_____________________________',False,4,4,4,4,4,4,4,4,
u'KLTELKSKNGTV__________________________________',False,4,3.0834794,4,4,3.3589225,4,4,4,
u'VKKSDMEKTLLLNREIDDWKSNDKKKA___________________',False,4,3.8489215,4,4,3.6961408,4,4,4,
u'NGQPEQAPLRGTKGRVLPADPFVI______________________',False,4,2.9566917,4,4,4,4,4,4,
u'TKGNTVGLPKSFSKA_______________________________',False,4,2.5746655,2.6887279,4,1.8089371,4,4,2.9331996,
u'ADVEGFKDPALYTSWLEPVD__________________________',False,4,4,4,4,4,4,4,4,
u'ENHKGPPIDSSD__________________________________',False,4,4,4,4,4,4,4,4,
u'YSLFKTMDKDSL__________________________________',False,4,4,4,4,4,4,4,4,
u'HSRVSQSSLSR___________________________________',False,4,4,4,4,3.6102989,4,4,4,
u'KEPSSKLLSPTKEISIVSVSPR________________________',False,4,2.2327576,4,4,2.0637736,3.3435771,4,2.9672089,
u'HKLKHQYTHNKSSSHQKKHT__________________________',False,4,3.2655246,4,4,4,4,4,4,
u'NTQGQLDDDEDDDFLTSGQQQKQGRTRGAQSNRYQSSNIGSGRRD_',False,4,3.7118645,4,4,3.7616398,4,4,4,
u'RSPSVDSVSRVQQQSGGFAF__________________________',False,4,4,4,4,2.9415522,4,4,4,
u'RADENLGMLLVEFFE_______________________________',False,4,4,4,4,4,4,4,4,
u'QNSDMFNPLSSMVSLQNELSNTNR______________________',False,4,4,4,4,4,4,4,4,
u'ELESTLSGLNVLVETYFADIPAEAYKT___________________',False,4,3.5474687,4,4,4,4,4,4,
u'ATLVGGSEDVAVSLSLLQVEEGVL______________________',False,4,3.385186,4,4,4,4,4,4,
u'NKLPGMVEALTAKVTAWENERGNEF_____________________',False,4,4,4,4,4,4,4,4,
u'DLTPQETQGTAKSSKGSSQP__________________________',False,4,4,4,4,4,4,4,4,
u'INDDANELLSQASMAVSLGLTA________________________',False,4,4,4,4,2.7110515,3.2216823,4,4,
u'MEVSFYKILQDPRLITPLA___________________________',False,4,4,4,4,4,4,4,4,
u'IKAAHKAMVLKHHPDKRK____________________________',False,4,2.7758632,4,4,1.8239117,4,4,4,
u'YEWVVIKHPELTKPPPLMAAEPTAPLSHSA________________',False,4,4,4,4,4,4,4,4,
u'GIIYEIRQNGEEPHFVSTIRVSDNTSSDNPDDNRW___________',False,4,4,4,4,4,4,4,4,
u'LMSEGVERDVL___________________________________',False,4,4,4,4,4,4,4,4,
u'YSGAQTDGKFLLRPRKEQGTYALSLIYGKTV_______________',False,4,2.3458564,4,4,2.1679206,4,4,4,
u'RAFQLIRAWGQSQDLTYLPVFHQTYMSLEGEN______________',False,4,4,4,4,4,4,4,4,
u'SIFKAWAVFKGKFKEG______________________________',False,4,1.7257684,1.8509634,4,1.9429767,2.5680122,1.5738767,2.2051804,
u'EEYVAPKMKPFGGSG_______________________________',False,4,4,4,4,4,4,4,4,
u'FFRYWEPSLELTSSDSQVTS__________________________',False,4,3.4552283,4,4,4,4,4,4,
u'SVMVARAAMWNPSIFL______________________________',False,4,4,4,4,4,4,4,4,
u'TTRQEIKSHVA___________________________________',False,4,4,4,4,4,4,4,4,
u'VGQWQKDGLSPSQ_________________________________',False,4,4,4,4,4,4,4,4,
u'GQAAPPAPPLPSSLDPPPPPAAVEVFQ___________________',False,4,2.5042477,2.8806834,3.2000146,1.7058384,1.9996084,2.7445989,2.5058317,
u'VPEREPESAPSAPSAELQSTQHMEAQPVESDADHV___________',False,4,4,4,4,4,4,4,4,
u'RIVGIFASQEAGGAVGEVLM__________________________',False,4,1.9052372,3.0062556,4,2.4542437,4,4,3.1354995,
u'GAPVSHSKGPGVGWENSAETLQEH______________________',False,4,4,4,4,3.1651816,4,4,4,
u'LDGTNMNYAEKRSADYYQQPW_________________________',False,4,4,4,4,4,4,4,4,
u'EKATESPAPQLSP_________________________________',False,4,4,4,4,4,4,4,4,
u'ASMPKTSHDMYRLQKRKLQWVKEERTML__________________',False,4,4,4,4,4,4,4,4,
u'ILLSSGRDASLMVTNDGATILKNIGVDN__________________',False,4,4,4,4,4,4,4,4,
u'LSQDGSGEKPMH__________________________________',False,4,4,4,4,4,4,4,4,
u'PLHKIYRLLTTK__________________________________',False,4,1.7793686,3.2198062,3.1060917,1.5450189,3.2616024,4,2.728539,
u'SLLDLTEYEMRN__________________________________',False,4,4,4,4,4,4,4,4,
u'AELLFGNIKRRELNLDGKQKWTIANLLKWMHANI____________',False,4,4,4,4,4,4,4,4,
